target_type,insight_type,week_start,count,mu_hat,pi_low,pi_high,is_anom
account,behavior,2024-09-03,11,8.87874307881004,2.0,18.0,False
account,behavior,2024-09-10,9,9.098144310284681,2.0,18.0,False
account,behavior,2024-09-17,6,9.342249714933745,2.0,19.0,False
account,behavior,2024-09-24,11,9.608509430654188,2.0,19.0,False
account,behavior,2024-10-01,8,9.893837084047922,3.0,20.0,False
account,behavior,2024-10-08,11,10.19456286183069,3.0,20.0,False
account,behavior,2024-10-15,8,10.506406780803841,3.0,21.0,False
account,behavior,2024-10-22,13,10.824479035236337,3.0,21.0,False
account,behavior,2024-10-29,9,11.143313779220508,3.0,22.0,False
account,behavior,2024-11-05,17,11.45694142141897,3.0,22.0,False
account,behavior,2024-11-12,11,11.759002398451791,4.0,22.0,False
account,behavior,2024-11-19,10,12.042902481446779,4.0,23.0,False
account,behavior,2024-11-26,14,12.302006117298959,4.0,23.0,False
account,behavior,2024-12-03,17,12.529860408944787,4.0,24.0,False
account,behavior,2024-12-10,11,12.720438516143988,4.0,24.0,False
account,behavior,2024-12-17,15,12.868388005987324,4.0,24.0,False
account,behavior,2024-12-24,11,12.969267504199195,4.0,24.0,False
account,behavior,2024-12-31,12,13.019754319540253,4.0,24.0,False
account,behavior,2025-01-07,6,13.017806795481087,4.0,24.0,False
account,behavior,2025-01-14,14,12.962768016557181,4.0,24.0,False
account,behavior,2025-01-21,7,12.855401931835695,4.0,24.0,False
account,behavior,2025-01-28,9,12.697858482452371,4.0,24.0,False
account,behavior,2025-02-04,15,12.493570284760404,4.0,24.0,False
account,behavior,2025-02-11,23,12.247089100831621,4.0,23.0,False
account,behavior,2025-02-18,12,11.963875042824903,4.0,23.0,False
account,behavior,2025-02-25,9,11.650054679240062,4.0,22.0,False
account,behavior,2025-03-04,12,11.312165643197204,3.0,22.0,False
account,behavior,2025-03-11,14,10.956904953772138,3.0,21.0,False
account,behavior,2025-03-18,19,10.59089626647802,3.0,21.0,False
account,behavior,2025-03-25,11,10.220488072158929,3.0,20.0,False
account,behavior,2025-04-01,8,9.851590973087935,3.0,20.0,False
account,behavior,2025-04-08,5,9.489558103275128,2.0,19.0,False
account,behavior,2025-04-15,6,9.139108985097957,2.0,18.0,False
account,behavior,2025-04-22,10,8.80429396658982,2.0,18.0,False
account,behavior,2025-04-29,5,8.488494060831012,2.0,17.0,False
account,behavior,2025-05-06,6,8.19444956925412,2.0,17.0,False
account,behavior,2025-05-13,8,7.9243102570449775,2.0,17.0,False
account,behavior,2025-05-20,8,7.67969992365331,1.0,16.0,False
account,behavior,2025-05-27,8,7.46178879498372,1.0,16.0,False
account,behavior,2025-06-03,6,7.271368068063114,1.0,16.0,False
account,behavior,2025-06-10,6,7.108921993086752,1.0,15.0,False
account,behavior,2025-06-17,6,6.9746939440772655,1.0,15.0,False
account,behavior,2025-06-24,14,6.86874391029096,1.0,15.0,False
account,behavior,2025-07-01,4,6.790995678151267,1.0,15.0,False
account,behavior,2025-07-08,3,6.741272645135261,1.0,15.0,False
account,behavior,2025-07-15,10,6.719321717945047,1.0,15.0,False
account,behavior,2025-07-22,10,6.724825123083251,1.0,15.0,False
account,behavior,2025-07-29,8,6.75740023749935,1.0,15.0,False
account,behavior,2025-08-05,9,6.816587776312412,1.0,15.0,False
account,behavior,2025-08-12,7,6.9018289018088685,1.0,15.0,False
account,behavior,2025-08-19,3,7.012432088568706,1.0,15.0,False
account,behavior,2025-08-26,6,7.147530932518621,1.0,15.0,False
account,opportunity,2024-09-03,7,11.311558771754196,4.0,21.0,False
account,opportunity,2024-09-10,9,11.567366240094787,4.0,21.0,False
account,opportunity,2024-09-17,14,11.83174781085471,4.0,22.0,False
account,opportunity,2024-09-24,15,12.100596040969553,4.0,22.0,False
account,opportunity,2024-10-01,16,12.369437185437933,4.0,23.0,False
account,opportunity,2024-10-08,8,12.633492930669414,4.0,23.0,False
account,opportunity,2024-10-15,15,12.887766766433389,5.0,23.0,False
account,opportunity,2024-10-22,11,13.127154265790887,5.0,24.0,False
account,opportunity,2024-10-29,13,13.34657461388825,5.0,24.0,False
account,opportunity,2024-11-05,10,13.541118698477131,5.0,24.0,False
account,opportunity,2024-11-12,16,13.70620714786276,5.0,24.0,False
account,opportunity,2024-11-19,10,13.837750101581653,5.0,25.0,False
account,opportunity,2024-11-26,11,13.932299447736556,5.0,25.0,False
account,opportunity,2024-12-03,26,13.987183943117596,5.0,25.0,True
account,opportunity,2024-12-10,14,14.00061816163816,5.0,25.0,False
account,opportunity,2024-12-17,18,13.971777610181704,5.0,25.0,False
account,opportunity,2024-12-24,21,13.900834516732148,5.0,25.0,False
account,opportunity,2024-12-31,13,13.788951537795867,5.0,25.0,False
account,opportunity,2025-01-07,13,13.63823367373854,5.0,24.0,False
account,opportunity,2025-01-14,10,13.45164170130984,5.0,24.0,False
account,opportunity,2025-01-21,14,13.2328731138805,5.0,24.0,False
account,opportunity,2025-01-28,10,12.986218630702705,5.0,23.0,False
account,opportunity,2025-02-04,9,12.716403609929133,4.0,23.0,False
account,opportunity,2025-02-11,8,12.428424095324587,4.0,23.0,False
account,opportunity,2025-02-18,17,12.127386772540918,4.0,22.0,False
account,opportunity,2025-02-25,7,11.818360932716528,4.0,22.0,False
account,opportunity,2025-03-04,10,11.5062488335285,4.0,21.0,False
account,opportunity,2025-03-11,13,11.195678840339346,4.0,21.0,False
account,opportunity,2025-03-18,12,10.890923652910448,3.0,20.0,False
account,opportunity,2025-03-25,8,10.595843977635084,3.0,20.0,False
account,opportunity,2025-04-01,8,10.31385634372361,3.0,20.0,False
account,opportunity,2025-04-08,10,10.047922478158291,3.0,19.0,False
account,opportunity,2025-04-15,14,9.800556784529284,3.0,19.0,False
account,opportunity,2025-04-22,6,9.573848001469699,3.0,19.0,False
account,opportunity,2025-04-29,12,9.369490997134749,2.0,18.0,False
account,opportunity,2025-05-06,11,9.18882481490121,2.0,18.0,False
account,opportunity,2025-05-13,14,9.032873441958927,2.0,18.0,False
account,opportunity,2025-05-20,6,8.902386249620177,2.0,18.0,False
account,opportunity,2025-05-27,11,8.79787558590788,2.0,17.0,False
account,opportunity,2025-06-03,8,8.719649536728454,2.0,17.0,False
account,opportunity,2025-06-10,8,8.667838378119148,2.0,17.0,False
account,opportunity,2025-06-17,8,8.642413701340045,2.0,17.0,False
account,opportunity,2025-06-24,12,8.64319960154731,2.0,17.0,False
account,opportunity,2025-07-01,7,8.66987568679826,2.0,17.0,False
account,opportunity,2025-07-08,10,8.721972001789368,2.0,17.0,False
account,opportunity,2025-07-15,8,8.798856288196793,2.0,17.0,False
account,opportunity,2025-07-22,10,8.899714338967588,2.0,18.0,False
account,opportunity,2025-07-29,14,9.023524562129671,2.0,18.0,False
account,opportunity,2025-08-05,6,9.16902825860103,2.0,18.0,False
account,opportunity,2025-08-12,5,9.334697536187013,2.0,18.0,False
account,opportunity,2025-08-19,10,9.518703214130857,3.0,18.0,False
account,opportunity,2025-08-26,8,9.718885490740373,3.0,19.0,False
account,performance,2024-09-03,18,14.342445899126407,6.0,25.0,False
account,performance,2024-09-10,7,14.759068263316793,6.0,26.0,False
account,performance,2024-09-17,20,15.166970803939206,6.0,26.0,False
account,performance,2024-09-24,16,15.558944702895442,6.0,27.0,False
account,performance,2024-10-01,10,15.927626113453353,7.0,27.0,False
account,performance,2024-10-08,22,16.26571366659145,7.0,28.0,False
account,performance,2024-10-15,10,16.566210286766566,7.0,28.0,False
account,performance,2024-10-22,20,16.822676952702437,7.0,28.0,False
account,performance,2024-10-29,24,17.029483598648376,7.0,29.0,False
account,performance,2024-11-05,13,17.18204106947522,7.0,29.0,False
account,performance,2024-11-12,24,17.276998203517195,7.0,29.0,False
account,performance,2024-11-19,13,17.31238983960956,8.0,29.0,False
account,performance,2024-11-26,18,17.287724746729836,7.0,29.0,False
account,performance,2024-12-03,19,17.204006867415785,7.0,29.0,False
account,performance,2024-12-10,9,17.063688387531826,7.0,29.0,False
account,performance,2024-12-17,17,16.870558424153412,7.0,29.0,False
account,performance,2024-12-24,14,16.629575966594555,7.0,28.0,False
account,performance,2024-12-31,16,16.346659586338877,7.0,28.0,False
account,performance,2025-01-07,13,16.028448967252324,7.0,27.0,False
account,performance,2025-01-14,20,15.682054308590779,6.0,27.0,False
account,performance,2025-01-21,21,15.314809137690945,6.0,26.0,False
account,performance,2025-01-28,15,14.934040240260266,6.0,26.0,False
account,performance,2025-02-04,16,14.546865613725146,6.0,25.0,False
account,performance,2025-02-11,15,14.160027984613839,5.0,25.0,False
account,performance,2025-02-18,15,13.779767920718752,5.0,24.0,False
account,performance,2025-02-25,9,13.411737277171804,5.0,24.0,False
account,performance,2025-03-04,10,13.060950916296122,5.0,23.0,False
account,performance,2025-03-11,13,12.731772499503931,5.0,23.0,False
account,performance,2025-03-18,12,12.427928724318118,4.0,23.0,False
account,performance,2025-03-25,13,12.15254563949715,4.0,22.0,False
account,performance,2025-04-01,15,11.908200520128224,4.0,22.0,False
account,performance,2025-04-08,16,11.696983089302892,4.0,22.0,False
account,performance,2025-04-15,11,11.520560489011524,4.0,21.0,False
account,performance,2025-04-22,10,11.380241194331445,4.0,21.0,False
account,performance,2025-04-29,9,11.277033918321084,4.0,21.0,False
account,performance,2025-05-06,15,11.211698386253262,4.0,21.0,False
account,performance,2025-05-13,8,11.184785614232888,4.0,21.0,False
account,performance,2025-05-20,8,11.196665985448057,4.0,21.0,False
account,performance,2025-05-27,7,11.247543978798308,4.0,21.0,False
account,performance,2025-06-03,11,11.337458890267055,4.0,21.0,False
account,performance,2025-06-10,11,11.466271331393054,4.0,21.0,False
account,performance,2025-06-17,15,11.63363573324176,4.0,21.0,False
account,performance,2025-06-24,14,11.838959571641794,4.0,22.0,False
account,performance,2025-07-01,15,12.081350598973422,4.0,22.0,False
account,performance,2025-07-08,5,12.359554047643563,4.0,22.0,False
account,performance,2025-07-15,14,12.671882571510842,4.0,23.0,False
account,performance,2025-07-22,18,13.016142601119075,5.0,23.0,False
account,performance,2025-07-29,17,13.389561764188375,5.0,24.0,False
account,performance,2025-08-05,13,13.78872298823505,5.0,24.0,False
account,performance,2025-08-12,12,14.209511746947962,5.0,25.0,False
account,performance,2025-08-19,17,14.647083495724221,6.0,26.0,False
account,performance,2025-08-26,11,15.095858505630208,6.0,26.0,False
account,quality,2024-09-03,7,9.80255892474123,3.0,19.0,False
account,quality,2024-09-10,10,10.187173137713925,3.0,19.0,False
account,quality,2024-09-17,8,10.576449112317102,3.0,20.0,False
account,quality,2024-09-24,13,10.964137013385892,3.0,20.0,False
account,quality,2024-10-01,9,11.343401421591329,4.0,21.0,False
account,quality,2024-10-08,10,11.706982091323582,4.0,21.0,False
account,quality,2024-10-15,16,12.047404792420583,4.0,22.0,False
account,quality,2024-10-22,15,12.357235158146375,4.0,22.0,False
account,quality,2024-10-29,12,12.629363421838308,5.0,23.0,False
account,quality,2024-11-05,19,12.85730338757108,5.0,23.0,False
account,quality,2024-11-12,9,13.035485628855646,5.0,23.0,False
account,quality,2024-11-19,14,13.159523355065865,5.0,23.0,False
account,quality,2024-11-26,22,13.22643004657098,5.0,23.0,False
account,quality,2024-12-03,14,13.234770962029042,5.0,23.0,False
account,quality,2024-12-10,5,13.184735743930766,5.0,23.0,False
account,quality,2024-12-17,8,13.0781260344698,5.0,23.0,False
account,quality,2024-12-24,12,12.918259449066069,5.0,23.0,False
account,quality,2024-12-31,16,12.709798500665203,5.0,23.0,False
account,quality,2025-01-07,13,12.458519220204618,4.0,22.0,False
account,quality,2025-01-14,12,12.171038559268576,4.0,22.0,False
account,quality,2025-01-21,11,11.854521768841158,4.0,22.0,False
account,quality,2025-01-28,9,11.516390748200413,4.0,21.0,False
account,quality,2025-02-04,14,11.164052102892954,4.0,21.0,False
account,quality,2025-02-11,13,10.80465984442499,3.0,20.0,False
account,quality,2025-02-18,8,10.44492295112524,3.0,20.0,False
account,quality,2025-02-25,6,10.090963054663657,3.0,19.0,False
account,quality,2025-03-04,12,9.748222902556547,3.0,19.0,False
account,quality,2025-03-11,14,9.421422403504918,3.0,18.0,False
account,quality,2025-03-18,8,9.114556235823189,2.0,18.0,False
account,quality,2025-03-25,9,8.830925257630636,2.0,17.0,False
account,quality,2025-04-01,8,8.573193223176789,2.0,17.0,False
account,quality,2025-04-08,11,8.343460405735787,2.0,17.0,False
account,quality,2025-04-15,4,8.143346427027746,2.0,16.0,False
account,quality,2025-04-22,8,7.974075662110633,2.0,16.0,False
account,quality,2025-04-29,6,7.8365598176252185,2.0,16.0,False
account,quality,2025-05-06,7,7.731473503998872,2.0,16.0,False
account,quality,2025-05-13,7,7.659319723346583,2.0,16.0,False
account,quality,2025-05-20,4,7.620483108638875,2.0,16.0,False
account,quality,2025-05-27,8,7.615269453752325,2.0,16.0,False
account,quality,2025-06-03,14,7.643930580193457,2.0,16.0,False
account,quality,2025-06-10,12,7.706673931833361,2.0,16.0,False
account,quality,2025-06-17,9,7.803656528406968,2.0,16.0,False
account,quality,2025-06-24,8,7.934963106887066,2.0,16.0,False
account,quality,2025-07-01,11,8.100568507217156,2.0,16.0,False
account,quality,2025-07-08,6,8.30028468522405,2.0,17.0,False
account,quality,2025-07-15,7,8.533693225029479,2.0,17.0,False
account,quality,2025-07-22,5,8.800064927480577,2.0,17.0,False
account,quality,2025-07-29,11,9.098269000184363,2.0,18.0,False
account,quality,2025-08-05,10,9.426675567000407,3.0,18.0,False
account,quality,2025-08-12,9,9.78305660559557,3.0,19.0,False
account,quality,2025-08-19,8,10.164491913025925,3.0,19.0,False
account,quality,2025-08-26,11,10.567288134309978,3.0,20.0,False
account,risk,2024-09-03,12,12.084860301432409,4.0,22.0,False
account,risk,2024-09-10,13,12.381949912710855,4.0,22.0,False
account,risk,2024-09-17,9,12.667067652321496,5.0,23.0,False
account,risk,2024-09-24,14,12.934748683516458,5.0,23.0,False
account,risk,2024-10-01,14,13.179584460768503,5.0,23.0,False
account,risk,2024-10-08,14,13.39639358444615,5.0,24.0,False
account,risk,2024-10-15,15,13.580401188445741,5.0,24.0,False
account,risk,2024-10-22,11,13.727416816586626,5.0,24.0,False
account,risk,2024-10-29,17,13.833999816174984,5.0,24.0,False
account,risk,2024-11-05,17,13.897601291409426,5.0,24.0,False
account,risk,2024-11-12,10,13.91667270607715,5.0,24.0,False
account,risk,2024-11-19,21,13.890733267465183,5.0,24.0,False
account,risk,2024-11-26,15,13.820391091432569,5.0,24.0,False
account,risk,2024-12-03,8,13.707316555657778,5.0,24.0,False
account,risk,2024-12-10,12,13.554169829350645,5.0,24.0,False
account,risk,2024-12-17,13,13.364487932650064,5.0,24.0,False
account,risk,2024-12-24,9,13.142539468769552,5.0,23.0,False
account,risk,2024-12-31,17,12.893157111256572,5.0,23.0,False
account,risk,2025-01-07,6,12.621558861341327,5.0,23.0,False
account,risk,2025-01-14,14,12.333168993969204,4.0,22.0,False
account,risk,2025-01-21,13,12.033448589277207,4.0,22.0,False
account,risk,2025-01-28,13,11.727743801215102,4.0,21.0,False
account,risk,2025-02-04,12,11.421157808294991,4.0,21.0,False
account,risk,2025-02-11,9,11.118450000857536,4.0,21.0,False
account,risk,2025-02-18,10,10.823963639782598,3.0,20.0,False
account,risk,2025-02-25,13,10.541581176508775,3.0,20.0,False
account,risk,2025-03-04,12,10.274704789003732,3.0,19.0,False
account,risk,2025-03-11,10,10.026258527412738,3.0,19.0,False
account,risk,2025-03-18,10,9.798707777457677,3.0,19.0,False
account,risk,2025-03-25,11,9.59409149116729,3.0,18.0,False
account,risk,2025-04-01,7,9.414062723628101,3.0,18.0,False
account,risk,2025-04-08,8,9.259933357429441,2.0,18.0,False
account,risk,2025-04-15,10,9.132719400077821,2.0,18.0,False
account,risk,2025-04-22,12,9.03318382176658,2.0,18.0,False
account,risk,2025-04-29,11,8.961874496996638,2.0,18.0,False
account,risk,2025-05-06,9,8.919155379403932,2.0,17.0,False
account,risk,2025-05-13,8,8.905229550480389,2.0,17.0,False
account,risk,2025-05-20,8,8.920153233068953,2.0,17.0,False
account,risk,2025-05-27,14,8.963840257160584,2.0,18.0,False
account,risk,2025-06-03,6,9.036056826407666,2.0,18.0,False
account,risk,2025-06-10,4,9.136406782703794,2.0,18.0,False
account,risk,2025-06-17,11,9.26430792882746,2.0,18.0,False
account,risk,2025-06-24,8,9.418960368875945,3.0,18.0,False
account,risk,2025-07-01,8,9.599308279936775,3.0,18.0,False
account,risk,2025-07-08,7,9.803997042469994,3.0,19.0,False
account,risk,2025-07-15,13,10.031328222971826,3.0,19.0,False
account,risk,2025-07-22,3,10.279215494531346,3.0,19.0,False
account,risk,2025-07-29,18,10.545145152749166,3.0,20.0,False
account,risk,2025-08-05,11,10.826145370024149,3.0,20.0,False
account,risk,2025-08-12,17,11.118768647312065,4.0,21.0,False
account,risk,2025-08-19,8,11.419091975871261,4.0,21.0,False
account,risk,2025-08-26,11,11.722738919932793,4.0,21.0,False
advisor,behavior,2024-09-03,11,11.929613659329403,4.0,22.0,False
advisor,behavior,2024-09-10,14,12.185897010960938,4.0,22.0,False
advisor,behavior,2024-09-17,12,12.435612700146097,4.0,22.0,False
advisor,behavior,2024-09-24,18,12.674332147666954,5.0,23.0,False
advisor,behavior,2024-10-01,8,12.897599616686843,5.0,23.0,False
advisor,behavior,2024-10-08,10,13.101050953241133,5.0,23.0,False
advisor,behavior,2024-10-15,15,13.280542512322237,5.0,24.0,False
advisor,behavior,2024-10-22,17,13.432284240416408,5.0,24.0,False
advisor,behavior,2024-10-29,17,13.55296989780387,5.0,24.0,False
advisor,behavior,2024-11-05,14,13.639896919063894,5.0,24.0,False
advisor,behavior,2024-11-12,15,13.691068533751297,5.0,24.0,False
advisor,behavior,2024-11-19,11,13.7052715439019,5.0,24.0,False
advisor,behavior,2024-11-26,14,13.682124548020713,5.0,24.0,False
advisor,behavior,2024-12-03,6,13.622093302337705,5.0,24.0,False
advisor,behavior,2024-12-10,9,13.526472142558376,5.0,24.0,False
advisor,behavior,2024-12-17,16,13.397332731501926,5.0,24.0,False
advisor,behavior,2024-12-24,10,13.237443613229166,5.0,23.0,False
advisor,behavior,2024-12-31,14,13.050165923105679,5.0,23.0,False
advisor,behavior,2025-01-07,13,12.839331952896863,5.0,23.0,False
advisor,behavior,2025-01-14,12,12.60911399545353,5.0,23.0,False
advisor,behavior,2025-01-21,13,12.363890967507421,4.0,22.0,False
advisor,behavior,2025-01-28,12,12.108119779452524,4.0,22.0,False
advisor,behavior,2025-02-04,9,11.846217397502727,4.0,22.0,False
advisor,behavior,2025-02-11,22,11.58245817702273,4.0,21.0,True
advisor,behavior,2025-02-18,10,11.320889503725681,4.0,21.0,False
advisor,behavior,2025-02-25,15,11.065267223263756,4.0,20.0,False
advisor,behavior,2025-03-04,14,10.819010906326522,3.0,20.0,False
advisor,behavior,2025-03-11,9,10.585177786037768,3.0,20.0,False
advisor,behavior,2025-03-18,10,10.366453276346196,3.0,20.0,False
advisor,behavior,2025-03-25,10,10.165155353881275,3.0,19.0,False
advisor,behavior,2025-04-01,9,9.983249747995378,3.0,19.0,False
advisor,behavior,2025-04-08,7,9.822372797183842,3.0,19.0,False
advisor,behavior,2025-04-15,9,9.68385894364841,3.0,19.0,False
advisor,behavior,2025-04-22,10,9.568770095684759,3.0,18.0,False
advisor,behavior,2025-04-29,12,9.477924436868,3.0,18.0,False
advisor,behavior,2025-05-06,11,9.411922656709594,3.0,18.0,False
advisor,behavior,2025-05-13,6,9.371169985505682,3.0,18.0,False
advisor,behavior,2025-05-20,7,9.35589281428013,3.0,18.0,False
advisor,behavior,2025-05-27,6,9.366149058068293,3.0,18.0,False
advisor,behavior,2025-06-03,8,9.401831775844144,3.0,18.0,False
advisor,behavior,2025-06-10,6,9.462665898858665,3.0,18.0,False
advisor,behavior,2025-06-17,18,9.548198251100402,3.0,18.0,False
advisor,behavior,2025-06-24,8,9.657781382503357,3.0,19.0,False
advisor,behavior,2025-07-01,9,9.790552087347072,3.0,19.0,False
advisor,behavior,2025-07-08,10,9.945405852471982,3.0,19.0,False
advisor,behavior,2025-07-15,10,10.120968870721653,3.0,19.0,False
advisor,behavior,2025-07-22,12,10.315569653161946,3.0,19.0,False
advisor,behavior,2025-07-29,12,10.527212656734271,3.0,20.0,False
advisor,behavior,2025-08-05,9,10.753556678071433,3.0,20.0,False
advisor,behavior,2025-08-12,9,10.991901004664722,4.0,20.0,False
advisor,behavior,2025-08-19,16,11.239182409293283,4.0,21.0,False
advisor,behavior,2025-08-26,10,11.4919859681883,4.0,21.0,False
advisor,opportunity,2024-09-03,11,10.568624700100175,3.0,20.0,False
advisor,opportunity,2024-09-10,12,10.802961648832452,3.0,21.0,False
advisor,opportunity,2024-09-17,9,11.047709167679796,3.0,21.0,False
advisor,opportunity,2024-09-24,9,11.298913401054477,3.0,21.0,False
advisor,opportunity,2024-10-01,11,11.552225911513561,4.0,22.0,False
advisor,opportunity,2024-10-08,10,11.802953193890499,4.0,22.0,False
advisor,opportunity,2024-10-15,12,12.046132068566047,4.0,22.0,False
advisor,opportunity,2024-10-22,17,12.27663122303283,4.0,23.0,False
advisor,opportunity,2024-10-29,23,12.48927719546736,4.0,23.0,False
advisor,opportunity,2024-11-05,18,12.679000901826361,4.0,23.0,False
advisor,opportunity,2024-11-12,10,12.840998598809458,4.0,24.0,False
advisor,opportunity,2024-11-19,14,12.970899192964033,4.0,24.0,False
advisor,opportunity,2024-11-26,7,13.064928310836187,5.0,24.0,False
advisor,opportunity,2024-12-03,10,13.120058773933417,5.0,24.0,False
advisor,opportunity,2024-12-10,10,13.134137250386276,5.0,24.0,False
advisor,opportunity,2024-12-17,13,13.10597795930721,5.0,24.0,False
advisor,opportunity,2024-12-24,9,13.035416339169418,4.0,24.0,False
advisor,opportunity,2024-12-31,9,12.923318387356556,4.0,24.0,False
advisor,opportunity,2025-01-07,13,12.77154465485927,4.0,24.0,False
advisor,opportunity,2025-01-14,13,12.582871286601419,4.0,23.0,False
advisor,opportunity,2025-01-21,15,12.360873661617815,4.0,23.0,False
advisor,opportunity,2025-01-28,11,12.10978076967666,4.0,23.0,False
advisor,opportunity,2025-02-04,15,11.834310206045842,4.0,22.0,False
advisor,opportunity,2025-02-11,8,11.539494434410454,4.0,22.0,False
advisor,opportunity,2025-02-18,8,11.230508749175456,3.0,21.0,False
advisor,opportunity,2025-02-25,16,10.912510272599599,3.0,21.0,False
advisor,opportunity,2025-03-04,8,10.59049555263286,3.0,20.0,False
advisor,opportunity,2025-03-11,8,10.269182141671202,3.0,20.0,False
advisor,opportunity,2025-03-18,15,9.952917204898657,3.0,19.0,False
advisor,opportunity,2025-03-25,8,9.645613974595127,3.0,19.0,False
advisor,opportunity,2025-04-01,13,9.350714926270145,2.0,19.0,False
advisor,opportunity,2025-04-08,13,9.071179028848464,2.0,18.0,False
advisor,opportunity,2025-04-15,12,8.809489369899776,2.0,18.0,False
advisor,opportunity,2025-04-22,12,8.567676872075948,2.0,17.0,False
advisor,opportunity,2025-04-29,6,8.347355645707983,2.0,17.0,False
advisor,opportunity,2025-05-06,12,8.149765682860725,2.0,17.0,False
advisor,opportunity,2025-05-13,4,7.9758189956976455,2.0,16.0,False
advisor,opportunity,2025-05-20,7,7.826145844286056,2.0,16.0,False
advisor,opportunity,2025-05-27,5,7.701138305470211,2.0,16.0,False
advisor,opportunity,2025-06-03,5,7.600989042519874,1.0,16.0,False
advisor,opportunity,2025-06-10,10,7.52572370230928,1.0,16.0,False
advisor,opportunity,2025-06-17,6,7.475225869498993,1.0,16.0,False
advisor,opportunity,2025-06-24,8,7.449253939022393,1.0,16.0,False
advisor,opportunity,2025-07-01,4,7.447449635696293,1.0,16.0,False
advisor,opportunity,2025-07-08,3,7.469338228722568,1.0,16.0,False
advisor,opportunity,2025-07-15,3,7.514320780174725,1.0,16.0,False
advisor,opportunity,2025-07-22,10,7.581659052675376,1.0,16.0,False
advisor,opportunity,2025-07-29,5,7.6704540026961805,2.0,16.0,False
advisor,opportunity,2025-08-05,11,7.779619117166792,2.0,16.0,False
advisor,opportunity,2025-08-12,10,7.907850218710696,2.0,16.0,False
advisor,opportunity,2025-08-19,10,8.053593763742372,2.0,17.0,False
advisor,opportunity,2025-08-26,11,8.215016069008032,2.0,17.0,False
advisor,performance,2024-09-03,18,13.628007956027922,5.0,24.0,False
advisor,performance,2024-09-10,13,14.026193484620379,5.0,25.0,False
advisor,performance,2024-09-17,11,14.429836795118243,5.0,26.0,False
advisor,performance,2024-09-24,16,14.83190151157546,6.0,26.0,False
advisor,performance,2024-10-01,14,15.224792133127618,6.0,27.0,False
advisor,performance,2024-10-08,16,15.600510537690871,6.0,27.0,False
advisor,performance,2024-10-15,18,15.950860335066485,6.0,28.0,False
advisor,performance,2024-10-22,11,16.267693280226755,7.0,28.0,False
advisor,performance,2024-10-29,13,16.54318744879498,7.0,28.0,False
advisor,performance,2024-11-05,12,16.77014265624075,7.0,29.0,False
advisor,performance,2024-11-12,17,16.942275238699917,7.0,29.0,False
advisor,performance,2024-11-19,17,17.054492350523716,7.0,29.0,False
advisor,performance,2024-11-26,19,17.103125794993172,7.0,29.0,False
advisor,performance,2024-12-03,31,17.08610730405477,7.0,29.0,True
advisor,performance,2024-12-10,22,17.00307106374316,7.0,29.0,False
advisor,performance,2024-12-17,13,16.85537479991815,7.0,29.0,False
advisor,performance,2024-12-24,19,16.646037298057657,7.0,29.0,False
advisor,performance,2024-12-31,16,16.3795970684286,7.0,28.0,False
advisor,performance,2025-01-07,14,16.061903173721667,7.0,28.0,False
advisor,performance,2025-01-14,11,15.699854281658753,6.0,27.0,False
advisor,performance,2025-01-21,17,15.301105256500788,6.0,27.0,False
advisor,performance,2025-01-28,13,14.873761796398716,6.0,26.0,False
advisor,performance,2025-02-04,13,14.426082785727164,5.0,26.0,False
advisor,performance,2025-02-11,10,13.966207452790883,5.0,25.0,False
advisor,performance,2025-02-18,15,13.50192058432753,5.0,24.0,False
advisor,performance,2025-02-25,22,13.040464525920619,5.0,24.0,False
advisor,performance,2025-03-04,10,12.588402067697603,4.0,23.0,False
advisor,performance,2025-03-11,11,12.15153007118622,4.0,22.0,False
advisor,performance,2025-03-18,7,11.73484019370381,4.0,22.0,False
advisor,performance,2025-03-25,16,11.342520511104278,4.0,21.0,False
advisor,performance,2025-04-01,9,10.9779902770656,3.0,21.0,False
advisor,performance,2025-04-08,13,10.643959413196836,3.0,20.0,False
advisor,performance,2025-04-15,4,10.34250444090335,3.0,20.0,False
advisor,performance,2025-04-22,8,10.075153242146158,3.0,19.0,False
advisor,performance,2025-04-29,13,9.842972064242794,3.0,19.0,False
advisor,performance,2025-05-06,5,9.646649376325435,3.0,19.0,False
advisor,performance,2025-05-13,15,9.486572391677258,3.0,19.0,False
advisor,performance,2025-05-20,9,9.362893184772721,2.0,18.0,False
advisor,performance,2025-05-27,10,9.275582292214066,2.0,18.0,False
advisor,performance,2025-06-03,12,9.224468469398655,2.0,18.0,False
advisor,performance,2025-06-10,8,9.209263887266724,2.0,18.0,False
advisor,performance,2025-06-17,8,9.229574526179166,2.0,18.0,False
advisor,performance,2025-06-24,12,9.284895901927777,2.0,18.0,False
advisor,performance,2025-07-01,14,9.37459459483841,2.0,18.0,False
advisor,performance,2025-07-08,9,9.497876401106007,3.0,19.0,False
advisor,performance,2025-07-15,7,9.653742335862328,3.0,19.0,False
advisor,performance,2025-07-22,8,9.840934230080475,3.0,19.0,False
advisor,performance,2025-07-29,10,10.057872302481503,3.0,19.0,False
advisor,performance,2025-08-05,8,10.302587855240297,3.0,20.0,False
advisor,performance,2025-08-12,13,10.57265511231231,3.0,20.0,False
advisor,performance,2025-08-19,13,10.865127131992715,3.0,21.0,False
advisor,performance,2025-08-26,8,11.176481585170803,3.0,21.0,False
advisor,quality,2024-09-03,15,13.924745152029443,5.0,24.0,False
advisor,quality,2024-09-10,14,14.126225851632487,5.0,25.0,False
advisor,quality,2024-09-17,18,14.321867726999775,6.0,25.0,False
advisor,quality,2024-09-24,11,14.509343083711492,6.0,25.0,False
advisor,quality,2024-10-01,25,14.686392195768391,6.0,25.0,False
advisor,quality,2024-10-08,13,14.85087444875698,6.0,26.0,False
advisor,quality,2024-10-15,19,15.00081981889778,6.0,26.0,False
advisor,quality,2024-10-22,11,15.134478725816262,6.0,26.0,False
advisor,quality,2024-10-29,14,15.250368219837393,6.0,26.0,False
advisor,quality,2024-11-05,10,15.347312512935634,6.0,26.0,False
advisor,quality,2024-11-12,18,15.424476041278785,6.0,26.0,False
advisor,quality,2024-11-19,13,15.481387550238427,6.0,26.0,False
advisor,quality,2024-11-26,14,15.517954101923664,6.0,27.0,False
advisor,quality,2024-12-03,12,15.5344643926013,6.0,27.0,False
advisor,quality,2024-12-10,8,15.531581297004331,6.0,27.0,False
advisor,quality,2024-12-17,11,15.510324088597093,6.0,27.0,False
advisor,quality,2024-12-24,16,15.472041279424284,6.0,26.0,False
advisor,quality,2024-12-31,13,15.41837544431541,6.0,26.0,False
advisor,quality,2025-01-07,18,15.35122171356867,6.0,26.0,False
advisor,quality,2025-01-14,19,15.272681817460791,6.0,26.0,False
advisor,quality,2025-01-21,21,15.185015637954859,6.0,26.0,False
advisor,quality,2025-01-28,19,15.090592171894926,6.0,26.0,False
advisor,quality,2025-02-04,17,14.991841649688801,6.0,26.0,False
advisor,quality,2025-02-11,15,14.891210305426087,6.0,26.0,False
advisor,quality,2025-02-18,15,14.79111898469416,6.0,26.0,False
advisor,quality,2025-02-25,20,14.69392643290428,6.0,25.0,False
advisor,quality,2025-03-04,15,14.601897756581769,6.0,25.0,False
advisor,quality,2025-03-11,17,14.517178216462044,6.0,25.0,False
advisor,quality,2025-03-18,13,14.441772213313136,6.0,25.0,False
advisor,quality,2025-03-25,12,14.377527078667942,6.0,25.0,False
advisor,quality,2025-04-01,8,14.326121091075343,6.0,25.0,False
advisor,quality,2025-04-08,16,14.289055007046029,6.0,25.0,False
advisor,quality,2025-04-15,12,14.267646323433828,6.0,25.0,False
advisor,quality,2025-04-22,15,14.263025470375894,6.0,25.0,False
advisor,quality,2025-04-29,16,14.276133164999907,6.0,25.0,False
advisor,quality,2025-05-06,12,14.307718228824879,6.0,25.0,False
advisor,quality,2025-05-13,15,14.358335278894051,6.0,25.0,False
advisor,quality,2025-05-20,18,14.428341837277193,6.0,25.0,False
advisor,quality,2025-05-27,12,14.517894559338991,6.0,25.0,False
advisor,quality,2025-06-03,17,14.62694445232399,6.0,25.0,False
advisor,quality,2025-06-10,9,14.755231136934146,6.0,26.0,False
advisor,quality,2025-06-17,12,14.90227639022246,6.0,26.0,False
advisor,quality,2025-06-24,12,15.06737739238714,6.0,26.0,False
advisor,quality,2025-07-01,15,15.24960027613513,6.0,26.0,False
advisor,quality,2025-07-08,16,15.447774737199023,6.0,26.0,False
advisor,quality,2025-07-15,13,15.660490599009288,7.0,27.0,False
advisor,quality,2025-07-22,21,15.886097322906274,7.0,27.0,False
advisor,quality,2025-07-29,17,16.122707506321596,7.0,27.0,False
advisor,quality,2025-08-05,12,16.368205403799973,7.0,28.0,False
advisor,quality,2025-08-12,24,16.62026142946618,7.0,28.0,False
advisor,quality,2025-08-19,20,16.876353447033324,7.0,28.0,False
advisor,quality,2025-08-26,15,17.13379542127119,8.0,29.0,False
advisor,risk,2024-09-03,14,15.01143965999087,6.0,26.0,False
advisor,risk,2024-09-10,12,15.24677379758902,6.0,26.0,False
advisor,risk,2024-09-17,21,15.50027547832565,6.0,27.0,False
advisor,risk,2024-09-24,16,15.768300376651215,7.0,27.0,False
advisor,risk,2024-10-01,13,16.046797765073208,7.0,27.0,False
advisor,risk,2024-10-08,13,16.331332322760097,7.0,28.0,False
advisor,risk,2024-10-15,19,16.61712459957907,7.0,28.0,False
advisor,risk,2024-10-22,17,16.899111985817726,7.0,28.0,False
advisor,risk,2024-10-29,21,17.17203095455644,8.0,29.0,False
advisor,risk,2024-11-05,20,17.430519996001426,8.0,29.0,False
advisor,risk,2024-11-12,19,17.66924112275429,8.0,29.0,False
advisor,risk,2024-11-19,17,17.883016202357126,8.0,30.0,False
advisor,risk,2024-11-26,12,18.066972811375333,8.0,30.0,False
advisor,risk,2024-12-03,20,18.216692966339473,8.0,30.0,False
advisor,risk,2024-12-10,24,18.328357134784117,8.0,30.0,False
advisor,risk,2024-12-17,14,18.398875507031782,8.0,30.0,False
advisor,risk,2024-12-24,15,18.42599871523984,8.0,30.0,False
advisor,risk,2024-12-31,20,18.40840105687564,8.0,30.0,False
advisor,risk,2025-01-07,18,18.3457307773813,8.0,30.0,False
advisor,risk,2025-01-14,20,18.238623978222567,8.0,30.0,False
advisor,risk,2025-01-21,18,18.08868106377747,8.0,30.0,False
advisor,risk,2025-01-28,11,17.898407101613742,8.0,30.0,False
advisor,risk,2025-02-04,26,17.6711198079549,8.0,29.0,False
advisor,risk,2025-02-11,15,17.410830861271105,8.0,29.0,False
advisor,risk,2025-02-18,15,17.122107713647516,7.0,29.0,False
advisor,risk,2025-02-25,20,16.809923898892364,7.0,28.0,False
advisor,risk,2025-03-04,14,16.479505991409734,7.0,28.0,False
advisor,risk,2025-03-11,13,16.136184889174373,7.0,27.0,False
advisor,risk,2025-03-18,16,15.785258080091337,7.0,27.0,False
advisor,risk,2025-03-25,18,15.431868150655106,6.0,26.0,False
advisor,risk,2025-04-01,10,15.080901177765089,6.0,26.0,False
advisor,risk,2025-04-08,16,14.73690697612526,6.0,25.0,False
advisor,risk,2025-04-15,24,14.40404160162753,6.0,25.0,False
advisor,risk,2025-04-22,16,14.086031148424137,5.0,25.0,False
advisor,risk,2025-04-29,13,13.786154796628356,5.0,24.0,False
advisor,risk,2025-05-06,18,13.507244300931934,5.0,24.0,False
advisor,risk,2025-05-13,11,13.25169665468972,5.0,23.0,False
advisor,risk,2025-05-20,9,13.021496488894057,5.0,23.0,False
advisor,risk,2025-05-27,11,12.818244823209033,5.0,23.0,False
advisor,risk,2025-06-03,9,12.643191021126238,5.0,23.0,False
advisor,risk,2025-06-10,13,12.497265157640475,4.0,22.0,False
advisor,risk,2025-06-17,13,12.381108435943364,4.0,22.0,False
advisor,risk,2025-06-24,11,12.295099749569799,4.0,22.0,False
advisor,risk,2025-07-01,12,12.239376949691007,4.0,22.0,False
advisor,risk,2025-07-08,10,12.21385182664463,4.0,22.0,False
advisor,risk,2025-07-15,14,12.218218243102239,4.0,22.0,False
advisor,risk,2025-07-22,15,12.251953263993448,4.0,22.0,False
advisor,risk,2025-07-29,12,12.314311520899302,4.0,22.0,False
advisor,risk,2025-08-05,14,12.404313433552376,4.0,22.0,False
advisor,risk,2025-08-12,16,12.520728294780008,4.0,23.0,False
advisor,risk,2025-08-19,9,12.662053610280267,5.0,23.0,False
advisor,risk,2025-08-26,12,12.826492467218591,5.0,23.0,False
client,behavior,2024-09-03,12,10.33648267486162,3.0,19.0,False
client,behavior,2024-09-10,11,10.94384878577553,3.0,20.0,False
client,behavior,2024-09-17,8,11.569040005993775,4.0,21.0,False
client,behavior,2024-09-24,10,12.201641826381266,4.0,22.0,False
client,behavior,2024-10-01,12,12.829548698246505,5.0,23.0,False
client,behavior,2024-10-08,17,13.439232122200181,5.0,24.0,False
client,behavior,2024-10-15,15,14.016161049714508,5.0,25.0,False
client,behavior,2024-10-22,12,14.545366237357646,6.0,25.0,False
client,behavior,2024-10-29,18,15.012122296712818,6.0,26.0,False
client,behavior,2024-11-05,16,15.402703303960257,6.0,26.0,False
client,behavior,2024-11-12,15,15.705152914651324,7.0,27.0,False
client,behavior,2024-11-19,13,15.910000923020771,7.0,27.0,False
client,behavior,2024-11-26,21,16.010857422557702,7.0,27.0,False
client,behavior,2024-12-03,16,16.00482422906114,7.0,27.0,False
client,behavior,2024-12-10,15,15.892680446918742,7.0,27.0,False
client,behavior,2024-12-17,14,15.678822754907294,7.0,27.0,False
client,behavior,2024-12-24,18,15.370967624342322,6.0,26.0,False
client,behavior,2024-12-31,15,14.97964812847116,6.0,26.0,False
client,behavior,2025-01-07,16,14.51755838359849,6.0,25.0,False
client,behavior,2025-01-14,14,13.998811146878808,5.0,25.0,False
client,behavior,2025-01-21,9,13.43817740487051,5.0,24.0,False
client,behavior,2025-01-28,10,12.850371324884817,5.0,23.0,False
client,behavior,2025-02-04,11,12.249431537689912,4.0,22.0,False
client,behavior,2025-02-11,15,11.648233096899848,4.0,21.0,False
client,behavior,2025-02-18,13,11.058146586646817,4.0,20.0,False
client,behavior,2025-02-25,9,10.488844356858474,3.0,20.0,False
client,behavior,2025-03-04,12,9.948240646835933,3.0,19.0,False
client,behavior,2025-03-11,10,9.44254339685298,3.0,18.0,False
client,behavior,2025-03-18,11,8.976390967586042,2.0,18.0,False
client,behavior,2025-03-25,4,8.55304624952995,2.0,17.0,False
client,behavior,2025-04-01,11,8.1746228144098,2.0,16.0,False
client,behavior,2025-04-08,3,7.842321767369557,2.0,16.0,False
client,behavior,2025-04-15,12,7.556662800085527,2.0,15.0,False
client,behavior,2025-04-22,7,7.3176978137656965,1.0,15.0,False
client,behavior,2025-04-29,3,7.125199817288338,1.0,15.0,False
client,behavior,2025-05-06,8,6.978823290933971,1.0,15.0,False
client,behavior,2025-05-13,7,6.878234721945224,1.0,14.0,False
client,behavior,2025-05-20,8,6.823213590847294,1.0,14.0,False
client,behavior,2025-05-27,6,6.813724833733104,1.0,14.0,False
client,behavior,2025-06-03,9,6.849963888740591,1.0,14.0,False
client,behavior,2025-06-10,7,6.932375034964306,1.0,15.0,False
client,behavior,2025-06-17,8,7.06164303099113,1.0,15.0,False
client,behavior,2025-06-24,7,7.238657237829294,1.0,15.0,False
client,behavior,2025-07-01,9,7.464446648189803,2.0,15.0,False
client,behavior,2025-07-08,5,7.740083729589918,2.0,16.0,False
client,behavior,2025-07-15,5,8.066554923599929,2.0,16.0,False
client,behavior,2025-07-22,9,8.444596238867774,2.0,17.0,False
client,behavior,2025-07-29,9,8.87449383881845,2.0,17.0,False
client,behavior,2025-08-05,17,9.355852030851933,3.0,18.0,False
client,behavior,2025-08-12,8,9.887334708086215,3.0,19.0,False
client,behavior,2025-08-19,10,10.466391032395515,3.0,20.0,False
client,behavior,2025-08-26,8,11.08898172502489,4.0,21.0,False
client,opportunity,2024-09-03,8,10.421679698398691,2.0,23.0,False
client,opportunity,2024-09-10,5,10.992291745456322,2.0,24.0,False
client,opportunity,2024-09-17,8,11.58363006116041,2.0,25.0,False
client,opportunity,2024-09-24,11,12.187292908699026,3.0,26.0,False
client,opportunity,2024-10-01,17,12.793409549657133,3.0,28.0,False
client,opportunity,2024-10-08,13,13.390800201116292,3.0,29.0,False
client,opportunity,2024-10-15,11,13.967252236749413,3.0,30.0,False
client,opportunity,2024-10-22,29,14.509912392851586,4.0,31.0,False
client,opportunity,2024-10-29,36,15.005782581678165,4.0,32.0,True
client,opportunity,2024-11-05,13,15.442293846015309,4.0,32.0,False
client,opportunity,2024-11-12,11,15.807920822063027,4.0,33.0,False
client,opportunity,2024-11-19,16,16.092789831886467,4.0,34.0,False
client,opportunity,2024-11-26,10,16.289229253569285,4.0,34.0,False
client,opportunity,2024-12-03,13,16.39221239209222,4.0,34.0,False
client,opportunity,2024-12-10,10,16.39965105573117,4.0,34.0,False
client,opportunity,2024-12-17,10,16.31251170150597,4.0,34.0,False
client,opportunity,2024-12-24,13,16.134743589972075,4.0,34.0,False
client,opportunity,2024-12-31,19,15.873027392998926,4.0,33.0,False
client,opportunity,2025-01-07,21,15.536370375520665,4.0,33.0,False
client,opportunity,2025-01-14,16,15.135588142617857,4.0,32.0,False
client,opportunity,2025-01-21,9,14.682721260451153,4.0,31.0,False
client,opportunity,2025-01-28,17,14.190437095895662,4.0,30.0,False
client,opportunity,2025-02-04,14,13.671463314840015,3.0,29.0,False
client,opportunity,2025-02-11,18,13.138090863206381,3.0,28.0,False
client,opportunity,2025-02-18,15,12.601772713360747,3.0,27.0,False
client,opportunity,2025-02-25,3,12.072832136641653,3.0,26.0,False
client,opportunity,2025-03-04,15,11.56028250502486,2.0,25.0,False
client,opportunity,2025-03-11,14,11.07175092368042,2.0,24.0,False
client,opportunity,2025-03-18,11,10.613491076427461,2.0,24.0,False
client,opportunity,2025-03-25,6,10.190466700903903,2.0,23.0,False
client,opportunity,2025-04-01,9,9.806485830149512,2.0,22.0,False
client,opportunity,2025-04-08,13,9.4643667872411,2.0,21.0,False
client,opportunity,2025-04-15,13,9.166119220025617,2.0,21.0,False
client,opportunity,2025-04-22,10,8.913126543310062,1.0,20.0,False
client,opportunity,2025-04-29,6,8.706319445181839,1.0,20.0,False
client,opportunity,2025-05-06,5,8.546333187065832,1.0,20.0,False
client,opportunity,2025-05-13,8,8.43364401254988,1.0,20.0,False
client,opportunity,2025-05-20,7,8.368681944730824,1.0,19.0,False
client,opportunity,2025-05-27,12,8.351918571527404,1.0,19.0,False
client,opportunity,2025-06-03,6,8.383929145906023,1.0,19.0,False
client,opportunity,2025-06-10,11,8.465428565567501,1.0,20.0,False
client,opportunity,2025-06-17,5,8.597280675784294,1.0,20.0,False
client,opportunity,2025-06-24,13,8.780480007996617,1.0,20.0,False
client,opportunity,2025-07-01,10,9.01610468480414,1.0,21.0,False
client,opportunity,2025-07-08,6,9.305238957867614,2.0,21.0,False
client,opportunity,2025-07-15,10,9.648863876094724,2.0,22.0,False
client,opportunity,2025-07-22,12,10.047715088802503,2.0,23.0,False
client,opportunity,2025-07-29,13,10.502107947392338,2.0,23.0,False
client,opportunity,2025-08-05,11,11.011732027598082,2.0,24.0,False
client,opportunity,2025-08-12,13,11.575420041907766,2.0,25.0,False
client,opportunity,2025-08-19,12,12.190899836439865,3.0,26.0,False
client,opportunity,2025-08-26,7,12.854542607137478,3.0,28.0,False
client,performance,2024-09-03,12,10.783544062976288,3.0,20.0,False
client,performance,2024-09-10,12,11.28513687180261,4.0,21.0,False
client,performance,2024-09-17,8,11.804904551365132,4.0,22.0,False
client,performance,2024-09-24,14,12.334286685490577,4.0,22.0,False
client,performance,2024-10-01,8,12.86336020362546,5.0,23.0,False
client,performance,2024-10-08,9,13.380995072758727,5.0,24.0,False
client,performance,2024-10-15,17,13.875123739365002,5.0,24.0,False
client,performance,2024-10-22,16,14.33312487555627,6.0,25.0,False
client,performance,2024-10-29,16,14.742310053239068,6.0,26.0,False
client,performance,2024-11-05,19,15.090488881424626,6.0,26.0,False
client,performance,2024-11-12,12,15.366575669799978,6.0,26.0,False
client,performance,2024-11-19,16,15.561190883048683,6.0,27.0,False
client,performance,2024-11-26,15,15.667205493052045,7.0,27.0,False
client,performance,2024-12-03,16,15.680177270378469,7.0,27.0,False
client,performance,2024-12-10,18,15.59863563242772,6.0,27.0,False
client,performance,2024-12-17,19,15.424185305507327,6.0,26.0,False
client,performance,2024-12-24,13,15.161417065936106,6.0,26.0,False
client,performance,2024-12-31,18,14.817633655406595,6.0,26.0,False
client,performance,2025-01-07,12,14.40241770068342,6.0,25.0,False
client,performance,2025-01-14,17,13.92708339073469,5.0,24.0,False
client,performance,2025-01-21,14,13.404062785700798,5.0,24.0,False
client,performance,2025-01-28,12,12.846280037328578,5.0,23.0,False
client,performance,2025-02-04,11,12.266562746585405,4.0,22.0,False
client,performance,2025-02-11,11,11.67713043865915,4.0,21.0,False
client,performance,2025-02-18,13,11.089187623759997,4.0,21.0,False
client,performance,2025-02-25,10,10.512635278562055,3.0,20.0,False
client,performance,2025-03-04,8,9.95590177946099,3.0,19.0,False
client,performance,2025-03-11,7,9.425883805140074,3.0,18.0,False
client,performance,2025-03-18,6,8.927980326957101,2.0,17.0,False
client,performance,2025-03-25,6,8.466198718266176,2.0,17.0,False
client,performance,2025-04-01,10,8.043310927518796,2.0,16.0,False
client,performance,2025-04-08,4,7.661038936735068,2.0,16.0,False
client,performance,2025-04-15,13,7.320251587801606,1.0,15.0,False
client,performance,2025-04-22,6,7.021158540351075,1.0,15.0,False
client,performance,2025-04-29,9,6.763490983727129,1.0,14.0,False
client,performance,2025-05-06,6,6.546662291694409,1.0,14.0,False
client,performance,2025-05-13,6,6.369904792893937,1.0,14.0,False
client,performance,2025-05-20,4,6.232381102131956,1.0,14.0,False
client,performance,2025-05-27,5,6.13327000869183,1.0,13.0,False
client,performance,2025-06-03,5,6.071827820888039,1.0,13.0,False
client,performance,2025-06-10,7,6.04742644052437,1.0,13.0,False
client,performance,2025-06-17,11,6.0595694266606,1.0,13.0,False
client,performance,2025-06-24,10,6.107887048897676,1.0,13.0,False
client,performance,2025-07-01,5,6.1921109656648206,1.0,13.0,False
client,performance,2025-07-08,11,6.312028825304427,1.0,14.0,False
client,performance,2025-07-15,4,6.4674189031211,1.0,14.0,False
client,performance,2025-07-22,8,6.657964975448198,1.0,14.0,False
client,performance,2025-07-29,4,6.883152101953888,1.0,14.0,False
client,performance,2025-08-05,9,7.142144931362507,1.0,15.0,False
client,performance,2025-08-12,9,7.433651621302695,2.0,15.0,False
client,performance,2025-08-19,3,7.755778471902929,2.0,16.0,False
client,performance,2025-08-26,6,8.105882833827103,2.0,16.0,False
client,quality,2024-09-03,15,12.08261664683693,4.0,22.0,False
client,quality,2024-09-10,7,11.930919074246978,4.0,22.0,False
client,quality,2024-09-17,7,11.791729625232692,4.0,21.0,False
client,quality,2024-09-24,11,11.664471614451488,4.0,21.0,False
client,quality,2024-10-01,15,11.548463636796567,4.0,21.0,False
client,quality,2024-10-08,10,11.442927680942095,4.0,21.0,False
client,quality,2024-10-15,18,11.346997422087389,4.0,21.0,False
client,quality,2024-10-22,13,11.259726847938875,4.0,21.0,False
client,quality,2024-10-29,11,11.180099397113402,4.0,21.0,False
client,quality,2024-11-05,10,11.107037797368477,4.0,21.0,False
client,quality,2024-11-12,9,11.039414781427237,4.0,20.0,False
client,quality,2024-11-19,11,10.976064830341878,3.0,20.0,False
client,quality,2024-11-26,11,10.915797048756863,3.0,20.0,False
client,quality,2024-12-03,19,10.857409214425095,3.0,20.0,False
client,quality,2024-12-10,11,10.799702968264068,3.0,20.0,False
client,quality,2024-12-17,8,10.741500024597801,3.0,20.0,False
client,quality,2024-12-24,10,10.68165918860442,3.0,20.0,False
client,quality,2024-12-31,10,10.619093874960367,3.0,20.0,False
client,quality,2025-01-07,8,10.552789734566177,3.0,20.0,False
client,quality,2025-01-14,11,10.481821921746967,3.0,20.0,False
client,quality,2025-01-21,9,10.405371479007586,3.0,20.0,False
client,quality,2025-01-28,6,10.322740286152978,3.0,19.0,False
client,quality,2025-02-04,7,10.233364019928548,3.0,19.0,False
client,quality,2025-02-11,12,10.136822602018274,3.0,19.0,False
client,quality,2025-02-18,12,10.03284767770502,3.0,19.0,False
client,quality,2025-02-25,6,9.921326762666345,3.0,19.0,False
client,quality,2025-03-04,6,9.802303816630397,3.0,19.0,False
client,quality,2025-03-11,15,9.675976143041904,3.0,19.0,False
client,quality,2025-03-18,11,9.542687664793615,3.0,18.0,False
client,quality,2025-03-25,13,9.402918777696357,3.0,18.0,False
client,quality,2025-04-01,13,9.257273125698065,2.0,18.0,False
client,quality,2025-04-08,10,9.106461765589883,2.0,18.0,False
client,quality,2025-04-15,7,8.951285286218852,2.0,18.0,False
client,quality,2025-04-22,11,8.792614512387383,2.0,17.0,False
client,quality,2025-04-29,11,8.631370453587124,2.0,17.0,False
client,quality,2025-05-06,8,8.46850415218091,2.0,17.0,False
client,quality,2025-05-13,5,8.304977046951802,2.0,17.0,False
client,quality,2025-05-20,8,8.141742400701347,2.0,16.0,False
client,quality,2025-05-27,5,7.979728251135163,2.0,16.0,False
client,quality,2025-06-03,8,7.819822239998369,2.0,16.0,False
client,quality,2025-06-10,5,7.662858564023821,2.0,16.0,False
client,quality,2025-06-17,11,7.509607180116229,2.0,15.0,False
client,quality,2025-06-24,7,7.360765292827214,1.0,15.0,False
client,quality,2025-07-01,7,7.216951059829971,1.0,15.0,False
client,quality,2025-07-08,6,7.078699374541645,1.0,15.0,False
client,quality,2025-07-15,7,6.946459526491646,1.0,15.0,False
client,quality,2025-07-22,3,6.820594500263701,1.0,14.0,False
client,quality,2025-07-29,11,6.701381652356864,1.0,14.0,False
client,quality,2025-08-05,9,6.589014500622285,1.0,14.0,False
client,quality,2025-08-12,5,6.483605370828902,1.0,14.0,False
client,quality,2025-08-19,6,6.385188666748951,1.0,14.0,False
client,quality,2025-08-26,6,6.293724561100133,1.0,14.0,False
client,risk,2024-09-03,12,14.314394506898651,6.0,25.0,False
client,risk,2024-09-10,14,14.558450289593656,6.0,25.0,False
client,risk,2024-09-17,18,14.802139915661911,6.0,26.0,False
client,risk,2024-09-24,10,15.041332323964902,6.0,26.0,False
client,risk,2024-10-01,16,15.271771444815316,6.0,26.0,False
client,risk,2024-10-08,15,15.48916213985818,6.0,26.0,False
client,risk,2024-10-15,17,15.68926886217229,7.0,27.0,False
client,risk,2024-10-22,19,15.868023797295963,7.0,27.0,False
client,risk,2024-10-29,15,16.021640180988577,7.0,27.0,False
client,risk,2024-11-05,20,16.14672563079842,7.0,27.0,False
client,risk,2024-11-12,24,16.24038978416667,7.0,27.0,False
client,risk,2024-11-19,11,16.300340393493524,7.0,28.0,False
client,risk,2024-11-26,11,16.324962341112418,7.0,28.0,False
client,risk,2024-12-03,17,16.313374811528227,7.0,28.0,False
client,risk,2024-12-10,15,16.265463050707492,7.0,28.0,False
client,risk,2024-12-17,21,16.181882659741465,7.0,27.0,False
client,risk,2024-12-24,13,16.064036080138216,7.0,27.0,False
client,risk,2024-12-31,8,15.914022673392317,7.0,27.0,False
client,risk,2025-01-07,19,15.734565416620393,7.0,27.0,False
client,risk,2025-01-14,17,15.528918582761067,6.0,27.0,False
client,risk,2025-01-21,18,15.300761735281393,6.0,26.0,False
client,risk,2025-01-28,14,15.054085876552438,6.0,26.0,False
client,risk,2025-02-04,15,14.793077630455999,6.0,26.0,False
client,risk,2025-02-11,12,14.522006947159905,6.0,25.0,False
client,risk,2025-02-18,15,14.245123066016859,6.0,25.0,False
client,risk,2025-02-25,20,13.966562463626904,5.0,24.0,False
client,risk,2025-03-04,13,13.690271363246069,5.0,24.0,False
client,risk,2025-03-11,9,13.41994420173341,5.0,24.0,False
client,risk,2025-03-18,14,13.158978339527483,5.0,23.0,False
client,risk,2025-03-25,13,12.910444333429211,5.0,23.0,False
client,risk,2025-04-01,14,12.67707032022564,5.0,23.0,False
client,risk,2025-04-08,13,12.461238503766092,4.0,22.0,False
client,risk,2025-04-15,13,12.264991397993152,4.0,22.0,False
client,risk,2025-04-22,13,12.09004533463299,4.0,22.0,False
client,risk,2025-04-29,8,11.937808766009406,4.0,22.0,False
client,risk,2025-05-06,9,11.809403044384416,4.0,22.0,False
client,risk,2025-05-13,12,11.705683602599851,4.0,21.0,False
client,risk,2025-05-20,10,11.627259763459461,4.0,21.0,False
client,risk,2025-05-27,11,11.574511740243231,4.0,21.0,False
client,risk,2025-06-03,17,11.5476037382771,4.0,21.0,False
client,risk,2025-06-10,12,11.546492415171508,4.0,21.0,False
client,risk,2025-06-17,15,11.570930299149635,4.0,21.0,False
client,risk,2025-06-24,10,11.620464099598193,4.0,21.0,False
client,risk,2025-07-01,8,11.694428173263457,4.0,21.0,False
client,risk,2025-07-08,12,11.791933735806715,4.0,22.0,False
client,risk,2025-07-15,14,11.91185473274803,4.0,22.0,False
client,risk,2025-07-22,16,12.052811603778611,4.0,22.0,False
client,risk,2025-07-29,12,12.213154482527319,4.0,22.0,False
client,risk,2025-08-05,7,12.39094765637303,4.0,22.0,False
client,risk,2025-08-12,15,12.5839573473446,4.0,23.0,False
client,risk,2025-08-19,12,12.789645038912038,5.0,23.0,False
client,risk,2025-08-26,12,13.005168633447393,5.0,23.0,False
product,behavior,2024-09-03,8,8.519539114959688,2.0,17.0,False
product,behavior,2024-09-10,8,8.671294082582751,2.0,17.0,False
product,behavior,2024-09-17,14,8.824931951377298,2.0,17.0,False
product,behavior,2024-09-24,7,8.977326644173198,2.0,18.0,False
product,behavior,2024-10-01,9,9.1251975524613,2.0,18.0,False
product,behavior,2024-10-08,10,9.265171147664187,2.0,18.0,False
product,behavior,2024-10-15,8,9.39385681039551,3.0,18.0,False
product,behavior,2024-10-22,5,9.507934740405826,3.0,18.0,False
product,behavior,2024-10-29,6,9.604252576760457,3.0,18.0,False
product,behavior,2024-11-05,12,9.67992623247653,3.0,19.0,False
product,behavior,2024-11-12,14,9.732439566983842,3.0,19.0,False
product,behavior,2024-11-19,12,9.759737012081038,3.0,19.0,False
product,behavior,2024-11-26,6,9.76030323304104,3.0,19.0,False
product,behavior,2024-12-03,13,9.73322439963506,3.0,19.0,False
product,behavior,2024-12-10,12,9.678226654946624,3.0,19.0,False
product,behavior,2024-12-17,5,9.595688830185873,3.0,18.0,False
product,behavior,2024-12-24,11,9.486628228381745,3.0,18.0,False
product,behavior,2024-12-31,9,9.352660211502371,3.0,18.0,False
product,behavior,2025-01-07,12,9.195934176248109,2.0,18.0,False
product,behavior,2025-01-14,8,9.019050102525599,2.0,18.0,False
product,behavior,2025-01-21,6,8.824961048158208,2.0,17.0,False
product,behavior,2025-01-28,9,8.616867640896137,2.0,17.0,False
product,behavior,2025-02-04,9,8.39811074732211,2.0,17.0,False
product,behavior,2025-02-11,9,8.17206810729706,2.0,16.0,False
product,behavior,2025-02-18,3,7.9420598984238735,2.0,16.0,False
product,behavior,2025-02-25,9,7.7112670634369405,2.0,16.0,False
product,behavior,2025-03-04,8,7.482664938741576,2.0,15.0,False
product,behavior,2025-03-11,7,7.258973406398868,1.0,15.0,False
product,behavior,2025-03-18,9,7.042623576771346,1.0,15.0,False
product,behavior,2025-03-25,6,6.8357399855076455,1.0,14.0,False
product,behavior,2025-04-01,10,6.640136510728544,1.0,14.0,False
product,behavior,2025-04-08,8,6.45732370272489,1.0,14.0,False
product,behavior,2025-04-15,3,6.288524957560975,1.0,14.0,False
product,behavior,2025-04-22,7,6.1346989240815555,1.0,13.0,False
product,behavior,2025-04-29,6,5.996565664428623,1.0,13.0,False
product,behavior,2025-05-06,7,5.874634340312731,1.0,13.0,False
product,behavior,2025-05-13,7,5.769230522364412,1.0,13.0,False
product,behavior,2025-05-20,2,5.680521576448998,1.0,13.0,False
product,behavior,2025-05-27,2,5.608538937153916,1.0,13.0,False
product,behavior,2025-06-03,7,5.553196413594345,1.0,12.0,False
product,behavior,2025-06-10,7,5.514303975032773,1.0,12.0,False
product,behavior,2025-06-17,2,5.491576730814064,1.0,12.0,False
product,behavior,2025-06-24,9,5.484639054437567,1.0,12.0,False
product,behavior,2025-07-01,7,5.493024013062449,1.0,12.0,False
product,behavior,2025-07-08,3,5.51616846116455,1.0,12.0,False
product,behavior,2025-07-15,7,5.5534043500488455,1.0,12.0,False
product,behavior,2025-07-22,9,5.603947000943596,1.0,13.0,False
product,behavior,2025-07-29,3,5.666881292015909,1.0,13.0,False
product,behavior,2025-08-05,4,5.741146916981578,1.0,13.0,False
product,behavior,2025-08-12,7,5.82552407659938,1.0,13.0,False
product,behavior,2025-08-19,7,5.918621148668425,1.0,13.0,False
product,behavior,2025-08-26,5,6.018866024701848,1.0,13.0,False
product,opportunity,2024-09-03,8,11.579537123928256,4.0,22.0,False
product,opportunity,2024-09-10,13,12.076547918115388,4.0,23.0,False
product,opportunity,2024-09-17,16,12.601713597744384,4.0,23.0,False
product,opportunity,2024-09-24,11,13.148960294562754,5.0,24.0,False
product,opportunity,2024-10-01,9,13.710977748337543,5.0,25.0,False
product,opportunity,2024-10-08,10,14.279236435923645,5.0,26.0,False
product,opportunity,2024-10-15,21,14.844080965593268,6.0,27.0,False
product,opportunity,2024-10-22,22,15.394909279465004,6.0,27.0,False
product,opportunity,2024-10-29,18,15.920441288087535,6.0,28.0,False
product,opportunity,2024-11-05,15,16.409072829867192,6.0,29.0,False
product,opportunity,2024-11-12,17,16.849301941650054,7.0,29.0,False
product,opportunity,2024-11-19,25,17.2302053340727,7.0,30.0,False
product,opportunity,2024-11-26,21,17.54193492288396,7.0,30.0,False
product,opportunity,2024-12-03,15,17.776198577588268,7.0,31.0,False
product,opportunity,2024-12-10,12,17.926687044216276,7.0,31.0,False
product,opportunity,2024-12-17,23,17.989411001437013,7.0,31.0,False
product,opportunity,2024-12-24,17,17.96291853885882,7.0,31.0,False
product,opportunity,2024-12-31,15,17.84837343647748,7.0,31.0,False
product,opportunity,2025-01-07,8,17.649487272546946,7.0,31.0,False
product,opportunity,2025-01-14,11,17.372311943844448,7.0,30.0,False
product,opportunity,2025-01-21,19,17.02491183793537,7.0,30.0,False
product,opportunity,2025-01-28,17,16.616945006440012,7.0,29.0,False
product,opportunity,2025-02-04,15,16.159189056386282,6.0,28.0,False
product,opportunity,2025-02-11,11,15.663049543101707,6.0,28.0,False
product,opportunity,2025-02-18,14,15.140086535147333,6.0,27.0,False
product,opportunity,2025-02-25,19,14.60158944700094,5.0,26.0,False
product,opportunity,2025-03-04,13,14.05822232077765,5.0,25.0,False
product,opportunity,2025-03-11,16,13.519752771594277,5.0,25.0,False
product,opportunity,2025-03-18,15,12.994869012796812,4.0,24.0,False
product,opportunity,2025-03-25,15,12.491081722199477,4.0,23.0,False
product,opportunity,2025-04-01,19,12.014701627701907,4.0,23.0,False
product,opportunity,2025-04-08,15,11.57087984348132,4.0,22.0,False
product,opportunity,2025-04-15,13,11.163696120206735,3.0,21.0,False
product,opportunity,2025-04-22,17,10.7962799955359,3.0,21.0,False
product,opportunity,2025-04-29,4,10.470950923977963,3.0,20.0,False
product,opportunity,2025-05-06,8,10.189365369082186,3.0,20.0,False
product,opportunity,2025-05-13,9,9.952661130399234,3.0,20.0,False
product,opportunity,2025-05-20,10,9.761591506033088,3.0,19.0,False
product,opportunity,2025-05-27,8,9.61664401080226,3.0,19.0,False
product,opportunity,2025-06-03,9,9.518140130899262,2.0,19.0,False
product,opportunity,2025-06-10,4,9.466313935821141,2.0,19.0,False
product,opportunity,2025-06-17,7,9.461368292793704,2.0,19.0,False
product,opportunity,2025-06-24,13,9.503507992651375,2.0,19.0,False
product,opportunity,2025-07-01,12,9.59294938650254,2.0,19.0,False
product,opportunity,2025-07-08,6,9.729906256739392,3.0,19.0,False
product,opportunity,2025-07-15,6,9.914551722134181,3.0,19.0,False
product,opportunity,2025-07-22,14,10.146956127311412,3.0,20.0,False
product,opportunity,2025-07-29,7,10.427001212680604,3.0,20.0,False
product,opportunity,2025-08-05,12,10.754271514144293,3.0,21.0,False
product,opportunity,2025-08-12,11,11.12792499576439,3.0,21.0,False
product,opportunity,2025-08-19,15,11.546546432698065,4.0,22.0,False
product,opportunity,2025-08-26,13,12.007989043176865,4.0,23.0,False
product,performance,2024-09-03,15,10.944304298001684,3.0,20.0,False
product,performance,2024-09-10,9,11.513405347622506,4.0,21.0,False
product,performance,2024-09-17,8,12.102775224615959,4.0,22.0,False
product,performance,2024-09-24,15,12.704746735428829,5.0,23.0,False
product,performance,2024-10-01,14,13.310366497743402,5.0,24.0,False
product,performance,2024-10-08,17,13.909533230440845,5.0,24.0,False
product,performance,2024-10-15,12,14.491231172557384,6.0,25.0,False
product,performance,2024-10-22,13,15.043858339295449,6.0,26.0,False
product,performance,2024-10-29,13,15.555639996300659,6.0,27.0,False
product,performance,2024-11-05,18,16.015107730938276,7.0,27.0,False
product,performance,2024-11-12,25,16.411615122116928,7.0,28.0,False
product,performance,2024-11-19,15,16.735853708890428,7.0,28.0,False
product,performance,2024-11-26,14,16.980329079693185,7.0,28.0,False
product,performance,2024-12-03,19,17.13975741495612,8.0,29.0,False
product,performance,2024-12-10,8,17.211348064849567,8.0,29.0,False
product,performance,2024-12-17,16,17.19494733036057,8.0,29.0,False
product,performance,2024-12-24,16,17.093031406741062,7.0,29.0,False
product,performance,2024-12-31,20,16.910550752601836,7.0,28.0,False
product,performance,2025-01-07,18,16.654642015791197,7.0,28.0,False
product,performance,2025-01-14,19,16.334235226257938,7.0,28.0,False
product,performance,2025-01-21,18,15.95959183157304,7.0,27.0,False
product,performance,2025-01-28,19,15.541812535138279,6.0,27.0,False
product,performance,2025-02-04,10,15.092352772995458,6.0,26.0,False
product,performance,2025-02-11,12,14.62257867565841,6.0,25.0,False
product,performance,2025-02-18,13,14.14338862937073,5.0,25.0,False
product,performance,2025-02-25,13,13.664916424493532,5.0,24.0,False
product,performance,2025-03-04,16,13.196322774676155,5.0,23.0,False
product,performance,2025-03-11,16,12.745673792187038,5.0,23.0,False
product,performance,2025-03-18,12,12.319898539998865,4.0,22.0,False
product,performance,2025-03-25,19,11.924813389294233,4.0,22.0,False
product,performance,2025-04-01,8,11.565198583718965,4.0,21.0,False
product,performance,2025-04-08,11,11.244911881024306,4.0,21.0,False
product,performance,2025-04-15,12,10.967024987360126,3.0,20.0,False
product,performance,2025-04-22,11,10.733970244982482,3.0,20.0,False
product,performance,2025-04-29,5,10.547687231798413,3.0,20.0,False
product,performance,2025-05-06,11,10.409761208758916,3.0,20.0,False
product,performance,2025-05-13,7,10.32154743672108,3.0,19.0,False
product,performance,2025-05-20,9,10.284277108994562,3.0,19.0,False
product,performance,2025-05-27,6,10.29914193199557,3.0,19.0,False
product,performance,2025-06-03,10,10.367355230844309,3.0,20.0,False
product,performance,2025-06-10,12,10.490187911313319,3.0,20.0,False
product,performance,2025-06-17,13,10.66897776565964,3.0,20.0,False
product,performance,2025-06-24,11,10.905110586607865,3.0,20.0,False
product,performance,2025-07-01,17,11.199971489974706,4.0,21.0,False
product,performance,2025-07-08,14,11.554864895445224,4.0,21.0,False
product,performance,2025-07-15,14,11.970901939270352,4.0,22.0,False
product,performance,2025-07-22,10,12.44885485578003,4.0,22.0,False
product,performance,2025-07-29,13,12.988979218048973,5.0,23.0,False
product,performance,2025-08-05,7,13.590806990218015,5.0,24.0,False
product,performance,2025-08-12,14,14.252916171066172,6.0,25.0,False
product,performance,2025-08-19,19,14.972686358513533,6.0,26.0,False
product,performance,2025-08-26,15,15.74605365966068,7.0,27.0,False
product,quality,2024-09-03,13,14.92413054940476,6.0,26.0,False
product,quality,2024-09-10,18,15.174532635539023,6.0,26.0,False
product,quality,2024-09-17,14,15.414081529970789,6.0,26.0,False
product,quality,2024-09-24,13,15.637395543806704,6.0,27.0,False
product,quality,2024-10-01,16,15.839159563657567,7.0,27.0,False
product,quality,2024-10-08,15,16.014271641128218,7.0,27.0,False
product,quality,2024-10-15,18,16.1579981415115,7.0,27.0,False
product,quality,2024-10-22,19,16.266129683280862,7.0,28.0,False
product,quality,2024-10-29,13,16.335129163531143,7.0,28.0,False
product,quality,2024-11-05,19,16.36226288857985,7.0,28.0,False
product,quality,2024-11-12,12,16.34570631371002,7.0,28.0,False
product,quality,2024-11-19,14,16.28461715916431,7.0,28.0,False
product,quality,2024-11-26,19,16.179170635006034,7.0,27.0,False
product,quality,2024-12-03,13,16.030554008815873,7.0,27.0,False
product,quality,2024-12-10,17,15.840920548241808,7.0,27.0,False
product,quality,2024-12-17,16,15.613305683935602,6.0,27.0,False
product,quality,2024-12-24,18,15.35151078221826,6.0,26.0,False
product,quality,2024-12-31,17,15.059961940912514,6.0,26.0,False
product,quality,2025-01-07,22,14.743552544453388,6.0,26.0,False
product,quality,2025-01-14,15,14.407478843748045,6.0,25.0,False
product,quality,2025-01-21,10,14.057077566943752,5.0,25.0,False
product,quality,2025-01-28,17,13.697673612176624,5.0,24.0,False
product,quality,2025-02-04,16,13.334444383111972,5.0,24.0,False
product,quality,2025-02-11,16,12.972305502777447,5.0,23.0,False
product,quality,2025-02-18,17,12.615820690280339,5.0,23.0,False
product,quality,2025-02-25,6,12.269136700114538,4.0,22.0,False
product,quality,2025-03-04,6,11.93594255844998,4.0,22.0,False
product,quality,2025-03-11,8,11.619450989072627,4.0,21.0,False
product,quality,2025-03-18,6,11.322398955399104,4.0,21.0,False
product,quality,2025-03-25,14,11.047063658827097,4.0,20.0,False
product,quality,2025-04-01,4,10.795290094819041,3.0,20.0,False
product,quality,2025-04-08,7,10.568526318775014,3.0,20.0,False
product,quality,2025-04-15,15,10.367862843686279,3.0,20.0,False
product,quality,2025-04-22,10,10.1940730089744,3.0,19.0,False
product,quality,2025-04-29,13,10.047651659754031,3.0,19.0,False
product,quality,2025-05-06,6,9.928850005003843,3.0,19.0,False
product,quality,2025-05-13,15,9.837705043347425,3.0,19.0,False
product,quality,2025-05-20,12,9.774062432660298,3.0,19.0,False
product,quality,2025-05-27,7,9.737592124137901,3.0,19.0,False
product,quality,2025-06-03,7,9.727796483112348,3.0,19.0,False
product,quality,2025-06-10,10,9.744010985709698,3.0,19.0,False
product,quality,2025-06-17,20,9.785397924548256,3.0,19.0,True
product,quality,2025-06-24,10,9.850933891157577,3.0,19.0,False
product,quality,2025-07-01,15,9.939392138452977,3.0,19.0,False
product,quality,2025-07-08,11,10.049321269069198,3.0,19.0,False
product,quality,2025-07-15,11,10.179022042584089,3.0,19.0,False
product,quality,2025-07-22,8,10.326524434938582,3.0,19.0,False
product,quality,2025-07-29,9,10.489567394200598,3.0,20.0,False
product,quality,2025-08-05,8,10.66558398504067,3.0,20.0,False
product,quality,2025-08-12,9,10.85169475764128,3.0,20.0,False
product,quality,2025-08-19,8,11.044712167486978,4.0,20.0,False
product,quality,2025-08-26,12,11.241158662886711,4.0,21.0,False
product,risk,2024-09-03,9,12.170988789274443,3.0,24.0,False
product,risk,2024-09-10,10,12.35334697188225,3.0,25.0,False
product,risk,2024-09-17,9,12.5216152284777,4.0,25.0,False
product,risk,2024-09-24,12,12.673638195964552,4.0,25.0,False
product,risk,2024-10-01,11,12.807520089892181,4.0,25.0,False
product,risk,2024-10-08,21,12.921680759769718,4.0,25.0,False
product,risk,2024-10-15,12,13.014904011253211,4.0,26.0,False
product,risk,2024-10-22,13,13.086375766700673,4.0,26.0,False
product,risk,2024-10-29,11,13.135710119896046,4.0,26.0,False
product,risk,2024-11-05,14,13.16296197670142,4.0,26.0,False
product,risk,2024-11-12,15,13.168625711302106,4.0,26.0,False
product,risk,2024-11-19,10,13.15362004686661,4.0,26.0,False
product,risk,2024-11-26,20,13.119260124925958,4.0,26.0,False
product,risk,2024-12-03,16,13.067218397764377,4.0,26.0,False
product,risk,2024-12-10,13,12.99947651071064,4.0,26.0,False
product,risk,2024-12-17,13,12.918270699805221,4.0,25.0,False
product,risk,2024-12-24,14,12.826033396700165,4.0,25.0,False
product,risk,2024-12-31,17,12.725333707729682,4.0,25.0,False
product,risk,2025-01-07,12,12.618819236133751,4.0,25.0,False
product,risk,2025-01-14,11,12.50916137738866,4.0,25.0,False
product,risk,2025-01-21,11,12.399005778285646,4.0,25.0,False
product,risk,2025-01-28,12,12.290929155129204,3.0,24.0,False
product,risk,2025-02-04,14,12.187403158141779,3.0,24.0,False
product,risk,2025-02-11,9,12.09076548542688,3.0,24.0,False
product,risk,2025-02-18,11,12.003198020169684,3.0,24.0,False
product,risk,2025-02-25,6,11.92671140931154,3.0,24.0,False
product,risk,2025-03-04,15,11.863135231570858,3.0,24.0,False
product,risk,2025-03-11,10,11.814112719959002,3.0,24.0,False
product,risk,2025-03-18,13,11.781098904855037,3.0,24.0,False
product,risk,2025-03-25,12,11.765361019728767,3.0,24.0,False
product,risk,2025-04-01,12,11.767980051716052,3.0,24.0,False
product,risk,2025-04-08,15,11.78985241173132,3.0,24.0,False
product,risk,2025-04-15,16,11.831690832601778,3.0,24.0,False
product,risk,2025-04-22,8,11.894023769355263,3.0,24.0,False
product,risk,2025-04-29,5,11.97719276579133,3.0,24.0,False
product,risk,2025-05-06,10,12.081347460240561,3.0,24.0,False
product,risk,2025-05-13,9,12.206438126885146,3.0,24.0,False
product,risk,2025-05-20,11,12.352205883850072,3.0,25.0,False
product,risk,2025-05-27,16,12.518170942007565,4.0,25.0,False
product,risk,2025-06-03,13,12.703619514455973,4.0,25.0,False
product,risk,2025-06-10,9,12.907590249255998,4.0,25.0,False
product,risk,2025-06-17,10,13.128861277717016,4.0,26.0,False
product,risk,2025-06-24,27,13.365939174547663,4.0,26.0,True
product,risk,2025-07-01,28,13.617051288503719,4.0,27.0,True
product,risk,2025-07-08,13,13.880143004148415,4.0,27.0,False
product,risk,2025-07-15,15,14.152881517014794,4.0,27.0,False
product,risk,2025-07-22,12,14.432667626489486,5.0,28.0,False
product,risk,2025-07-29,23,14.71665685699114,5.0,28.0,False
product,risk,2025-08-05,11,15.001790898532322,5.0,29.0,False
product,risk,2025-08-12,14,15.284839911758494,5.0,29.0,False
product,risk,2025-08-19,7,15.562455681086591,5.0,30.0,False
product,risk,2025-08-26,10,15.831234947164974,5.0,30.0,False
segment,behavior,2024-09-03,8,12.111185284366774,4.0,22.0,False
segment,behavior,2024-09-10,14,12.32384277586362,4.0,22.0,False
segment,behavior,2024-09-17,13,12.533538018142586,4.0,23.0,False
segment,behavior,2024-09-24,16,12.73668444257102,5.0,23.0,False
segment,behavior,2024-10-01,15,12.929640102676341,5.0,23.0,False
segment,behavior,2024-10-08,12,13.108789624447526,5.0,23.0,False
segment,behavior,2024-10-15,15,13.270635083606614,5.0,24.0,False
segment,behavior,2024-10-22,23,13.411892313423024,5.0,24.0,False
segment,behavior,2024-10-29,11,13.529588357213562,5.0,24.0,False
segment,behavior,2024-11-05,7,13.621155241296574,5.0,24.0,False
segment,behavior,2024-11-12,14,13.684515037738162,5.0,24.0,False
segment,behavior,2024-11-19,11,13.718151364970543,5.0,24.0,False
segment,behavior,2024-11-26,9,13.721163053607292,5.0,24.0,False
segment,behavior,2024-12-03,10,13.693296656250299,5.0,24.0,False
segment,behavior,2024-12-10,10,13.634955732171214,5.0,24.0,False
segment,behavior,2024-12-17,16,13.547186282258442,5.0,24.0,False
segment,behavior,2024-12-24,14,13.431639214230042,5.0,24.0,False
segment,behavior,2024-12-31,18,13.29051214275944,5.0,24.0,False
segment,behavior,2025-01-07,17,13.126474043700442,5.0,23.0,False
segment,behavior,2025-01-14,13,12.942577181865309,5.0,23.0,False
segment,behavior,2025-01-21,11,12.742161251532861,5.0,23.0,False
segment,behavior,2025-01-28,16,12.52875478567197,4.0,23.0,False
segment,behavior,2025-02-04,10,12.305978624823123,4.0,22.0,False
segment,behavior,2025-02-11,9,12.077455647807222,4.0,22.0,False
segment,behavior,2025-02-18,14,11.846730138376701,4.0,22.0,False
segment,behavior,2025-02-25,11,11.617199192415091,4.0,21.0,False
segment,behavior,2025-03-04,7,11.392057557569798,4.0,21.0,False
segment,behavior,2025-03-11,14,11.174256328874288,4.0,21.0,False
segment,behavior,2025-03-18,17,10.966475069077047,3.0,20.0,False
segment,behavior,2025-03-25,7,10.771106227510288,3.0,20.0,False
segment,behavior,2025-04-01,11,10.590250219696623,3.0,20.0,False
segment,behavior,2025-04-08,13,10.425719204038051,3.0,20.0,False
segment,behavior,2025-04-15,10,10.279047437995224,3.0,19.0,False
segment,behavior,2025-04-22,6,10.151506089207379,3.0,19.0,False
segment,behavior,2025-04-29,13,10.044120486361305,3.0,19.0,False
segment,behavior,2025-05-06,10,9.957687988605048,3.0,19.0,False
segment,behavior,2025-05-13,12,9.892794901838235,3.0,19.0,False
segment,behavior,2025-05-20,8,9.849831151224851,3.0,19.0,False
segment,behavior,2025-05-27,7,9.829001713899066,3.0,19.0,False
segment,behavior,2025-06-03,14,9.830334112562682,3.0,19.0,False
segment,behavior,2025-06-10,6,9.853681563691508,3.0,19.0,False
segment,behavior,2025-06-17,10,9.898721661999419,3.0,19.0,False
segment,behavior,2025-06-24,7,9.96495076707513,3.0,19.0,False
segment,behavior,2025-07-01,16,10.051674541089493,3.0,19.0,False
segment,behavior,2025-07-08,9,10.157995369622313,3.0,19.0,False
segment,behavior,2025-07-15,5,10.282797679704595,3.0,19.0,False
segment,behavior,2025-07-22,10,10.424732444550026,3.0,20.0,False
segment,behavior,2025-07-29,13,10.58220242215255,3.0,20.0,False
segment,behavior,2025-08-05,10,10.753349897947885,3.0,20.0,False
segment,behavior,2025-08-12,10,10.936048867328294,3.0,20.0,False
segment,behavior,2025-08-19,9,11.127903674735482,4.0,21.0,False
segment,behavior,2025-08-26,17,11.326256093034639,4.0,21.0,False
segment,opportunity,2024-09-03,10,12.73851775425814,5.0,23.0,False
segment,opportunity,2024-09-10,14,13.03440609449917,5.0,23.0,False
segment,opportunity,2024-09-17,18,13.351805408038095,5.0,24.0,False
segment,opportunity,2024-09-24,13,13.686845394762996,5.0,24.0,False
segment,opportunity,2024-10-01,10,14.035083039333776,5.0,25.0,False
segment,opportunity,2024-10-08,16,14.391509350128079,6.0,25.0,False
segment,opportunity,2024-10-15,15,14.75058366315994,6.0,26.0,False
segment,opportunity,2024-10-22,18,15.10629942834964,6.0,26.0,False
segment,opportunity,2024-10-29,17,15.452283807400171,6.0,26.0,False
segment,opportunity,2024-11-05,9,15.781931274310164,7.0,27.0,False
segment,opportunity,2024-11-12,21,16.08856882437732,7.0,27.0,False
segment,opportunity,2024-11-19,20,16.365647553599285,7.0,28.0,False
segment,opportunity,2024-11-26,9,16.60695253270328,7.0,28.0,False
segment,opportunity,2024-12-03,16,16.806820386659197,7.0,28.0,False
segment,opportunity,2024-12-10,14,16.960352133825875,7.0,28.0,False
segment,opportunity,2024-12-17,23,17.06360793666242,7.0,29.0,False
segment,opportunity,2024-12-24,15,17.11377068012143,7.0,29.0,False
segment,opportunity,2024-12-31,18,17.10926680649702,7.0,29.0,False
segment,opportunity,2025-01-07,16,17.04983552213107,7.0,29.0,False
segment,opportunity,2025-01-14,15,16.936541118757084,7.0,28.0,False
segment,opportunity,2025-01-21,18,16.771727353555534,7.0,28.0,False
segment,opportunity,2025-01-28,20,16.55891715620081,7.0,28.0,False
segment,opportunity,2025-02-04,18,16.302664908372332,7.0,28.0,False
segment,opportunity,2025-02-11,19,16.008371751499176,7.0,27.0,False
segment,opportunity,2025-02-18,16,15.682076511721682,7.0,27.0,False
segment,opportunity,2025-02-25,12,15.33023572614796,6.0,26.0,False
segment,opportunity,2025-03-04,15,14.959505912578924,6.0,26.0,False
segment,opportunity,2025-03-11,11,14.5765397953158,6.0,25.0,False
segment,opportunity,2025-03-18,14,14.18780594411176,6.0,25.0,False
segment,opportunity,2025-03-25,9,13.799438526682271,5.0,24.0,False
segment,opportunity,2025-04-01,12,13.417120953543865,5.0,24.0,False
segment,opportunity,2025-04-08,15,13.046004408919027,5.0,23.0,False
segment,opportunity,2025-04-15,13,12.6906598473662,5.0,23.0,False
segment,opportunity,2025-04-22,14,12.355060142838699,4.0,22.0,False
segment,opportunity,2025-04-29,15,12.042587769522049,4.0,22.0,False
segment,opportunity,2025-05-06,11,11.756062661589135,4.0,21.0,False
segment,opportunity,2025-05-13,16,11.497784675076153,4.0,21.0,False
segment,opportunity,2025-05-20,10,11.269585257741138,4.0,21.0,False
segment,opportunity,2025-05-27,12,11.072883406246401,4.0,21.0,False
segment,opportunity,2025-06-03,10,10.90874164156279,3.0,20.0,False
segment,opportunity,2025-06-10,15,10.777918465581863,3.0,20.0,False
segment,opportunity,2025-06-17,8,10.680914499241258,3.0,20.0,False
segment,opportunity,2025-06-24,8,10.618010194513083,3.0,20.0,False
segment,opportunity,2025-07-01,9,10.58929363278628,3.0,20.0,False
segment,opportunity,2025-07-08,12,10.594677464672104,3.0,20.0,False
segment,opportunity,2025-07-15,9,10.633904521603798,3.0,20.0,False
segment,opportunity,2025-07-22,10,10.706542059714465,3.0,20.0,False
segment,opportunity,2025-07-29,14,10.811965009633104,3.0,20.0,False
segment,opportunity,2025-08-05,6,10.949329031693942,3.0,20.0,False
segment,opportunity,2025-08-12,9,11.117534640783884,4.0,21.0,False
segment,opportunity,2025-08-19,11,11.315184186573756,4.0,21.0,False
segment,opportunity,2025-08-26,17,11.540534058194188,4.0,21.0,False
segment,performance,2024-09-03,18,14.698271794959075,4.0,30.0,False
segment,performance,2024-09-10,10,14.870072614757992,4.0,30.0,False
segment,performance,2024-09-17,16,15.042147754862961,4.0,30.0,False
segment,performance,2024-09-24,16,15.211783806862872,4.0,30.0,False
segment,performance,2024-10-01,14,15.376213605553387,5.0,31.0,False
segment,performance,2024-10-08,18,15.53266553832184,5.0,31.0,False
segment,performance,2024-10-15,19,15.678418239434045,5.0,31.0,False
segment,performance,2024-10-22,8,15.810859163018398,5.0,31.0,False
segment,performance,2024-10-29,20,15.927545115307762,5.0,32.0,False
segment,performance,2024-11-05,13,16.02626249497853,5.0,32.0,False
segment,performance,2024-11-12,25,16.105084776081732,5.0,32.0,False
segment,performance,2024-11-19,12,16.162424700262786,5.0,32.0,False
segment,performance,2024-11-26,12,16.197078742174536,5.0,32.0,False
segment,performance,2024-12-03,21,16.208261678807045,5.0,32.0,False
segment,performance,2024-12-10,15,16.195629518908053,5.0,32.0,False
segment,performance,2024-12-17,17,16.159289606269507,5.0,32.0,False
segment,performance,2024-12-24,16,16.099797360453834,5.0,32.0,False
segment,performance,2024-12-31,15,16.01813981090342,5.0,32.0,False
segment,performance,2025-01-07,15,15.915706761138013,5.0,32.0,False
segment,performance,2025-01-14,18,15.794251035917098,5.0,31.0,False
segment,performance,2025-01-21,15,15.655839769631346,5.0,31.0,False
segment,performance,2025-01-28,14,15.502799054042757,5.0,31.0,False
segment,performance,2025-02-04,13,15.337654457646057,5.0,31.0,False
segment,performance,2025-02-11,5,15.163069953018518,4.0,30.0,False
segment,performance,2025-02-18,20,14.981787653339426,4.0,30.0,False
segment,performance,2025-02-25,24,14.796570488320329,4.0,30.0,False
segment,performance,2025-03-04,8,14.610149575783959,4.0,29.0,False
segment,performance,2025-03-11,10,14.425177605701252,4.0,29.0,False
segment,performance,2025-03-18,30,14.244189087006708,4.0,29.0,True
segment,performance,2025-03-25,10,14.069567849356268,4.0,28.0,False
segment,performance,2025-04-01,12,13.903521771790272,4.0,28.0,False
segment,performance,2025-04-08,11,13.748064350155103,4.0,28.0,False
segment,performance,2025-04-15,14,13.605002429170096,4.0,28.0,False
segment,performance,2025-04-22,10,13.475929219508075,4.0,27.0,False
segment,performance,2025-04-29,10,13.362221594835672,4.0,27.0,False
segment,performance,2025-05-06,18,13.265040612937657,4.0,27.0,False
segment,performance,2025-05-13,11,13.185334219879302,4.0,27.0,False
segment,performance,2025-05-20,20,13.123841165858677,4.0,27.0,False
segment,performance,2025-05-27,23,13.081095274727115,3.0,27.0,False
segment,performance,2025-06-03,13,13.057429355441094,3.0,27.0,False
segment,performance,2025-06-10,11,13.052978213489585,3.0,27.0,False
segment,performance,2025-06-17,6,13.067680405618928,3.0,27.0,False
segment,performance,2025-06-24,17,13.101278575334458,3.0,27.0,False
segment,performance,2025-07-01,10,13.153318404123043,4.0,27.0,False
segment,performance,2025-07-08,13,13.223146409073117,4.0,27.0,False
segment,performance,2025-07-15,10,13.309907006470217,4.0,27.0,False
segment,performance,2025-07-22,8,13.412539437289944,4.0,27.0,False
segment,performance,2025-07-29,13,13.529775307482236,4.0,28.0,False
segment,performance,2025-08-05,15,13.66013762538786,4.0,28.0,False
segment,performance,2025-08-12,10,13.801942311090691,4.0,28.0,False
segment,performance,2025-08-19,13,13.953303197598878,4.0,28.0,False
segment,performance,2025-08-26,24,14.11214153090761,4.0,29.0,False
segment,quality,2024-09-03,17,14.431038620984827,5.0,28.0,False
segment,quality,2024-09-10,17,14.168218025141554,4.0,27.0,False
segment,quality,2024-09-17,13,13.927099982261526,4.0,27.0,False
segment,quality,2024-09-24,12,13.706822887210723,4.0,27.0,False
segment,quality,2024-10-01,19,13.506369979187381,4.0,26.0,False
segment,quality,2024-10-08,11,13.324583356747544,4.0,26.0,False
segment,quality,2024-10-15,11,13.160176904544251,4.0,26.0,False
segment,quality,2024-10-22,4,13.011748426428639,4.0,25.0,False
segment,quality,2024-10-29,16,12.877791370973249,4.0,25.0,False
segment,quality,2024-11-05,8,12.75670659752879,4.0,25.0,False
segment,quality,2024-11-12,16,12.646814661583216,4.0,25.0,False
segment,quality,2024-11-19,17,12.546369095725442,4.0,25.0,False
segment,quality,2024-11-26,10,12.453571125691786,4.0,25.0,False
segment,quality,2024-12-03,7,12.366586189394894,4.0,24.0,False
segment,quality,2024-12-10,15,12.283562521374016,4.0,24.0,False
segment,quality,2024-12-17,14,12.202651928376442,3.0,24.0,False
segment,quality,2024-12-24,13,12.122032718562057,3.0,24.0,False
segment,quality,2024-12-31,12,12.039934564354006,3.0,24.0,False
segment,quality,2025-01-07,12,11.954664886999018,3.0,24.0,False
segment,quality,2025-01-14,8,11.864636161498154,3.0,24.0,False
segment,quality,2025-01-21,9,11.768393367469526,3.0,23.0,False
segment,quality,2025-01-28,21,11.664640669216364,3.0,23.0,False
segment,quality,2025-02-04,13,11.552266310820993,3.0,23.0,False
segment,quality,2025-02-11,13,11.430364671573424,3.0,23.0,False
segment,quality,2025-02-18,14,11.298254452192088,3.0,23.0,False
segment,quality,2025-02-25,11,11.155492057131504,3.0,22.0,False
segment,quality,2025-03-04,12,11.001879401198153,3.0,22.0,False
segment,quality,2025-03-11,8,10.837465592090263,3.0,22.0,False
segment,quality,2025-03-18,6,10.662542210963453,3.0,22.0,False
segment,quality,2025-03-25,20,10.477632212530029,3.0,21.0,False
segment,quality,2025-04-01,7,10.283472773130798,3.0,21.0,False
segment,quality,2025-04-08,7,10.080992707084782,2.0,21.0,False
segment,quality,2025-04-15,4,9.871285326865847,2.0,20.0,False
segment,quality,2025-04-22,9,9.65557782289608,2.0,20.0,False
segment,quality,2025-04-29,8,9.435198370566685,2.0,20.0,False
segment,quality,2025-05-06,6,9.211542228244822,2.0,19.0,False
segment,quality,2025-05-13,7,8.98603806987917,2.0,19.0,False
segment,quality,2025-05-20,13,8.760115705113057,2.0,19.0,False
segment,quality,2025-05-27,15,8.535176189677447,2.0,18.0,False
segment,quality,2025-06-03,6,8.312565134313653,2.0,18.0,False
segment,quality,2025-06-10,10,8.093549798777532,1.0,17.0,False
segment,quality,2025-06-17,5,7.879300326171752,1.0,17.0,False
segment,quality,2025-06-24,7,7.670875248241387,1.0,17.0,False
segment,quality,2025-07-01,12,7.469211188097757,1.0,16.0,False
segment,quality,2025-07-08,5,7.275116513460105,1.0,16.0,False
segment,quality,2025-07-15,6,7.089268557515961,1.0,16.0,False
segment,quality,2025-07-22,12,6.912213928791083,1.0,16.0,False
segment,quality,2025-07-29,4,6.744371375594396,1.0,15.0,False
segment,quality,2025-08-05,6,6.586036651626864,1.0,15.0,False
segment,quality,2025-08-12,7,6.437388842303871,1.0,15.0,False
segment,quality,2025-08-19,8,6.298497650221797,1.0,14.0,False
segment,quality,2025-08-26,4,6.169331196576134,1.0,14.0,False
segment,risk,2024-09-03,14,16.480161326067527,7.0,28.0,False
segment,risk,2024-09-10,13,16.84220385717632,7.0,29.0,False
segment,risk,2024-09-17,15,17.188616846068157,7.0,29.0,False
segment,risk,2024-09-24,12,17.512975393905766,7.0,30.0,False
segment,risk,2024-10-01,21,17.80897517420039,8.0,30.0,False
segment,risk,2024-10-08,24,18.070623678840185,8.0,31.0,False
segment,risk,2024-10-15,14,18.29243802583271,8.0,31.0,False
segment,risk,2024-10-22,19,18.469638652009557,8.0,31.0,False
segment,risk,2024-10-29,28,18.59832746562242,8.0,31.0,False
segment,risk,2024-11-05,27,18.675639233824914,8.0,31.0,False
segment,risk,2024-11-12,15,18.69985619407984,8.0,31.0,False
segment,risk,2024-11-19,28,18.67047805144769,8.0,31.0,False
segment,risk,2024-11-26,13,18.588242477628096,8.0,31.0,False
segment,risk,2024-12-03,21,18.455094679913536,8.0,31.0,False
segment,risk,2024-12-10,20,18.274108207536713,8.0,31.0,False
segment,risk,2024-12-17,13,18.049362537452467,8.0,30.0,False
segment,risk,2024-12-24,17,17.78578579106841,8.0,30.0,False
segment,risk,2024-12-31,14,17.48897291522121,7.0,30.0,False
segment,risk,2025-01-07,15,17.164990662394988,7.0,29.0,False
segment,risk,2025-01-14,12,16.820180698283774,7.0,29.0,False
segment,risk,2025-01-21,12,16.46097123843188,7.0,28.0,False
segment,risk,2025-01-28,22,16.093705953250865,7.0,28.0,False
segment,risk,2025-02-04,13,15.724496725219893,6.0,27.0,False
segment,risk,2025-02-11,14,15.359104457304348,6.0,27.0,False
segment,risk,2025-02-18,8,15.002849766056785,6.0,26.0,False
segment,risk,2025-02-25,18,14.660553251702774,6.0,26.0,False
segment,risk,2025-03-04,19,14.336503265780397,5.0,25.0,False
segment,risk,2025-03-11,20,14.034447774009566,5.0,25.0,False
segment,risk,2025-03-18,9,13.757606056342855,5.0,25.0,False
segment,risk,2025-03-25,9,13.508695566392383,5.0,24.0,False
segment,risk,2025-04-01,15,13.289969223182153,5.0,24.0,False
segment,risk,2025-04-08,16,13.103258645643445,5.0,24.0,False
segment,risk,2025-04-15,16,12.950019276507762,5.0,23.0,False
segment,risk,2025-04-22,16,12.831373896219711,4.0,23.0,False
segment,risk,2025-04-29,14,12.748151632415809,4.0,23.0,False
segment,risk,2025-05-06,17,12.700920177670545,4.0,23.0,False
segment,risk,2025-05-13,11,12.690009507718198,4.0,23.0,False
segment,risk,2025-05-20,11,12.715525931729248,4.0,23.0,False
segment,risk,2025-05-27,10,12.77735580740122,4.0,23.0,False
segment,risk,2025-06-03,17,12.87515872915087,5.0,23.0,False
segment,risk,2025-06-10,11,13.00835046638007,5.0,24.0,False
segment,risk,2025-06-17,13,13.176076411206983,5.0,24.0,False
segment,risk,2025-06-24,14,13.377176808978767,5.0,24.0,False
segment,risk,2025-07-01,9,13.610145600768064,5.0,24.0,False
segment,risk,2025-07-08,15,13.873085303766011,5.0,25.0,False
segment,risk,2025-07-15,11,14.163660976540868,5.0,25.0,False
segment,risk,2025-07-22,11,14.479056926974126,6.0,26.0,False
segment,risk,2025-07-29,19,14.815940367611443,6.0,26.0,False
segment,risk,2025-08-05,17,15.170436634704448,6.0,27.0,False
segment,risk,2025-08-12,17,15.538120778705702,6.0,27.0,False
segment,risk,2025-08-19,17,15.914030215819922,6.0,28.0,False
segment,risk,2025-08-26,13,16.292702619863082,7.0,28.0,False
